id,topic,entity,measure,numeric_value,text_value,unit,population,comparator,source_ids,data_date,evidence_type,update_trigger,research_origin_version,r2_record_scope,text_value_en,currency,source_published_date,source_position,data_date_note,data_date_note_en,source_url,evidence_type_en,record_ID,original_unit,period_start,period_end,year,period_type,geography,rights_reporting_basis,accounting_basis,price_basis,cash_basis,patient_consumption_basis,measure_en,topic_en,rights_reporting_basis_en,period_type_en
TOP1_ADC_NUM,抗藥性,TOP1檢測隊列,檢出TOP1突變人數,4,小樣本、回溯及檢測選擇；不是普遍發生率,人,轉移性乳癌，ADC後具血漿基因檢測的選定隊列,兩獨立隊列；不是配對或隨機對照,"[""R03""]",2020-09至2024-01檢測資料；期刊2025-05-15,原始回溯轉譯研究,具前次ADC、負載、分母及配對時間的前瞻資料出現,ADC-20261007-R1,original_R1_record_preserved,,,,,,,,,,,,,,,,,,,,,,,,
TOP1_ADC_DEN,抗藥性,TOP1檢測隊列,隊列受檢人數,31,小樣本、回溯及檢測選擇；不是普遍發生率,人,轉移性乳癌，ADC後具血漿基因檢測的選定隊列,兩獨立隊列；不是配對或隨機對照,"[""R03""]",2020-09至2024-01檢測資料；期刊2025-05-15,原始回溯轉譯研究,具前次ADC、負載、分母及配對時間的前瞻資料出現,ADC-20261007-R1,original_R1_record_preserved,,,,,,,,,,,,,,,,,,,,,,,,
TOP1_NO_ADC_NUM,抗藥性,TOP1檢測隊列,檢出TOP1突變人數,3,非前述31人的治療前值，非隨機或配對對照,人,另一未接受ADC的轉移性乳癌隊列,兩獨立隊列；不是配對或隨機對照,"[""R03""]",2020-09至2024-01檢測資料；期刊2025-05-15,原始回溯轉譯研究,具前次ADC、負載、分母及配對時間的前瞻資料出現,ADC-20261007-R1,original_R1_record_preserved,,,,,,,,,,,,,,,,,,,,,,,,
TOP1_NO_ADC_DEN,抗藥性,TOP1檢測隊列,隊列受檢人數,420,非前述31人的治療前值，非隨機或配對對照,人,另一未接受ADC的轉移性乳癌隊列,兩獨立隊列；不是配對或隨機對照,"[""R03""]",2020-09至2024-01檢測資料；期刊2025-05-15,原始回溯轉譯研究,具前次ADC、負載、分母及配對時間的前瞻資料出現,ADC-20261007-R1,original_R1_record_preserved,,,,,,,,,,,,,,,,,,,,,,,,
R02_MECHANISM,技術與交付,ADC臨床藥理,暴露與劑量證據,,抗體、ADC與游離負載的暴露、效益、安全性分別評估；製程或配方變更亦涉及可比性。,,,,"[""R02""]",2024-03,監管指引,新增原始資料、監管狀態或公司正式更新時覆核,ADC-20261007-R1,original_R1_record_preserved,,,,,,,,,,,,,,,,,,,,,,,,
R04_MECHANISM,技術與交付,DS-8201a,旁觀者作用,,細胞及小鼠混合HER2表達模型；不是所有正常組織安全性證明。,,,,"[""R04""]",2016年細胞／小鼠實驗,原始臨床前研究,新增原始資料、監管狀態或公司正式更新時覆核,ADC-20261007-R1,original_R1_record_preserved,,,,,,,,,,,,,,,,,,,,,,,,
R05_MECHANISM,技術與交付,親水性linker及高DAR ADC,疏水性與清除,,降低疏水性可改善藥動與治療窗；不能以DAR高低排臨床優劣。,,,,"[""R05""]",2015年臨床前研究,原始臨床前研究摘要,新增原始資料、監管狀態或公司正式更新時覆核,ADC-20261007-R1,original_R1_record_preserved,,,,,,,,,,,,,,,,,,,,,,,,
R06_MECHANISM,技術與交付,MMAE／MMAF雙負載ADC,設計與證據層級,,2+2、4+2、2+4配比仍屬微管抑制類；僅臨床前模型，非兩個作用類別人體驗證。,,,,"[""R06""]",2021年臨床前研究,原始臨床前研究,新增原始資料、監管狀態或公司正式更新時覆核,ADC-20261007-R1,original_R1_record_preserved,,,,,,,,,,,,,,,,,,,,,,,,
R07_MECHANISM,技術與交付,Datroway＋ivonescimab,合作分工與啟動計畫,,各方供藥、分攤試驗成本及保留原藥權利；擬先做第一線TNBC三期，不等於已啟動。,,,,"[""R07""]",2026-10-02,公司正式合作公告,新增原始資料、監管狀態或公司正式更新時覆核,ADC-20261007-R1,original_R1_record_preserved,,,,,,,,,,,,,,,,,,,,,,,,
AZ_SUMMIT_EQUITY,股權投資,AstraZeneca／Summit,已完成股權投資,2000,2026-10-05完成；不是Datroway授權簽約金。,百萬美元,,,"[""R08""]",2026-10-05,公司交易完成公告,新增原始資料、監管狀態或公司正式更新時覆核,ADC-20261007-R1,original_R1_record_preserved,,,,,,,,,,,,,,,,,,,,,,,,
DB09_N_ALL,臨床證據,DESTINY-Breast09／T-DXd + pertuzumab,全試驗隨機分派人數,1157,DB09含三臂；此次兩組比較另列。,人,第一線HER2+晚期/轉移乳癌；轉移性疾病未接受化療或HER2治療,taxane+trastuzumab+pertuzumab (THP),"[""C01"", ""C15"", ""C22""]",2025-02-26,隨機三期：監管公告或原始研究,同一試驗新資料截點、成熟OS、安全性或監管範圍更新,ADC-20261007-R1,original_R1_record_preserved,,,,,,,,,,,,,,,,,,,,,,,,
DB09_N_EXP,臨床證據,DESTINY-Breast09／T-DXd + pertuzumab,此次比較試驗組人數,383,,人,第一線HER2+晚期/轉移乳癌；轉移性疾病未接受化療或HER2治療,taxane+trastuzumab+pertuzumab (THP),"[""C01"", ""C15"", ""C22""]",2025-02-26,隨機三期：監管公告或原始研究,同一試驗新資料截點、成熟OS、安全性或監管範圍更新,ADC-20261007-R1,original_R1_record_preserved,,,,,,,,,,,,,,,,,,,,,,,,
DB09_N_CTRL,臨床證據,DESTINY-Breast09／T-DXd + pertuzumab,此次比較對照組人數,387,,人,第一線HER2+晚期/轉移乳癌；轉移性疾病未接受化療或HER2治療,taxane+trastuzumab+pertuzumab (THP),"[""C01"", ""C15"", ""C22""]",2025-02-26,隨機三期：監管公告或原始研究,同一試驗新資料截點、成熟OS、安全性或監管範圍更新,ADC-20261007-R1,original_R1_record_preserved,,,,,,,,,,,,,,,,,,,,,,,,
DB09_PFS_EXP,臨床證據,DESTINY-Breast09／T-DXd + pertuzumab,BICR中位PFS：試驗組,40.7,,月,第一線HER2+晚期/轉移乳癌；轉移性疾病未接受化療或HER2治療,taxane+trastuzumab+pertuzumab (THP),"[""C01"", ""C15"", ""C22""]",2025-02-26,隨機三期：監管公告或原始研究,同一試驗新資料截點、成熟OS、安全性或監管範圍更新,ADC-20261007-R1,original_R1_record_preserved,,,,,,,,,,,,,,,,,,,,,,,,
DB09_PFS_CTRL,臨床證據,DESTINY-Breast09／T-DXd + pertuzumab,BICR中位PFS：對照組,26.9,,月,第一線HER2+晚期/轉移乳癌；轉移性疾病未接受化療或HER2治療,taxane+trastuzumab+pertuzumab (THP),"[""C01"", ""C15"", ""C22""]",2025-02-26,隨機三期：監管公告或原始研究,同一試驗新資料截點、成熟OS、安全性或監管範圍更新,ADC-20261007-R1,original_R1_record_preserved,,,,,,,,,,,,,,,,,,,,,,,,
DB09_PFS_HR,臨床證據,DESTINY-Breast09／T-DXd + pertuzumab,BICR中位PFS風險比,0.56,試驗組相對本試驗對照；不是單純機率差。,HR,第一線HER2+晚期/轉移乳癌；轉移性疾病未接受化療或HER2治療,taxane+trastuzumab+pertuzumab (THP),"[""C01"", ""C15"", ""C22""]",2025-02-26,隨機三期：監管公告或原始研究,同一試驗新資料截點、成熟OS、安全性或監管範圍更新,ADC-20261007-R1,original_R1_record_preserved,,,,,,,,,,,,,,,,,,,,,,,,
DB09_PFS_HR_CI_LOW,臨床證據,DESTINY-Breast09／T-DXd + pertuzumab,BICR中位PFS HR 95%信賴區間下限,0.44,,HR,第一線HER2+晚期/轉移乳癌；轉移性疾病未接受化療或HER2治療,taxane+trastuzumab+pertuzumab (THP),"[""C01"", ""C15"", ""C22""]",2025-02-26,隨機三期：監管公告或原始研究,同一試驗新資料截點、成熟OS、安全性或監管範圍更新,ADC-20261007-R1,original_R1_record_preserved,,,,,,,,,,,,,,,,,,,,,,,,
DB09_PFS_HR_CI_HIGH,臨床證據,DESTINY-Breast09／T-DXd + pertuzumab,BICR中位PFS HR 95%信賴區間上限,0.71,,HR,第一線HER2+晚期/轉移乳癌；轉移性疾病未接受化療或HER2治療,taxane+trastuzumab+pertuzumab (THP),"[""C01"", ""C15"", ""C22""]",2025-02-26,隨機三期：監管公告或原始研究,同一試驗新資料截點、成熟OS、安全性或監管範圍更新,ADC-20261007-R1,original_R1_record_preserved,,,,,,,,,,,,,,,,,,,,,,,,
DB09_PFS_P,臨床證據,DESTINY-Breast09／T-DXd + pertuzumab,BICR中位PFS P值,,<0.0001,P,第一線HER2+晚期/轉移乳癌；轉移性疾病未接受化療或HER2治療,taxane+trastuzumab+pertuzumab (THP),"[""C01"", ""C15"", ""C22""]",2025-02-26,隨機三期：監管公告或原始研究,同一試驗新資料截點、成熟OS、安全性或監管範圍更新,ADC-20261007-R1,original_R1_record_preserved,,,,,,,,,,,,,,,,,,,,,,,,
DB09_AE_G3PLUS_EXP,臨床證據,DESTINY-Breast09／T-DXd + pertuzumab,grade≥3 AE：試驗組,63.5,,%,第一線HER2+晚期/轉移乳癌；轉移性疾病未接受化療或HER2治療,taxane+trastuzumab+pertuzumab (THP),"[""C01"", ""C15"", ""C22""]",2025-02-26,隨機三期：監管公告或原始研究,同一試驗新資料截點、成熟OS、安全性或監管範圍更新,ADC-20261007-R1,original_R1_record_preserved,,,,,,,,,,,,,,,,,,,,,,,,
DB09_AE_G3PLUS_CTRL,臨床證據,DESTINY-Breast09／T-DXd + pertuzumab,grade≥3 AE：對照組,62.3,,%,第一線HER2+晚期/轉移乳癌；轉移性疾病未接受化療或HER2治療,taxane+trastuzumab+pertuzumab (THP),"[""C01"", ""C15"", ""C22""]",2025-02-26,隨機三期：監管公告或原始研究,同一試驗新資料截點、成熟OS、安全性或監管範圍更新,ADC-20261007-R1,original_R1_record_preserved,,,,,,,,,,,,,,,,,,,,,,,,
DB09_ILD_EXP,臨床證據,DESTINY-Breast09／T-DXd + pertuzumab,獨立裁定藥物相關ILD/pneumonitis：試驗組,12.1,,%,第一線HER2+晚期/轉移乳癌；轉移性疾病未接受化療或HER2治療,taxane+trastuzumab+pertuzumab (THP),"[""C01"", ""C15"", ""C22""]",2025-02-26,隨機三期：監管公告或原始研究,同一試驗新資料截點、成熟OS、安全性或監管範圍更新,ADC-20261007-R1,original_R1_record_preserved,,,,,,,,,,,,,,,,,,,,,,,,
DB09_ILD_CTRL,臨床證據,DESTINY-Breast09／T-DXd + pertuzumab,獨立裁定藥物相關ILD/pneumonitis：對照組,1.0,,%,第一線HER2+晚期/轉移乳癌；轉移性疾病未接受化療或HER2治療,taxane+trastuzumab+pertuzumab (THP),"[""C01"", ""C15"", ""C22""]",2025-02-26,隨機三期：監管公告或原始研究,同一試驗新資料截點、成熟OS、安全性或監管範圍更新,ADC-20261007-R1,original_R1_record_preserved,,,,,,,,,,,,,,,,,,,,,,,,
DB09_REGULATORY,臨床狀態,DESTINY-Breast09／T-DXd + pertuzumab,監管或開發狀態（文字日期保留）,,2025-12-15 FDA第一線核准,,第一線HER2+晚期/轉移乳癌；轉移性疾病未接受化療或HER2治療,taxane+trastuzumab+pertuzumab (THP),"[""C01"", ""C15"", ""C22""]",2025-02-26,隨機三期：監管公告或原始研究,同一試驗新資料截點、成熟OS、安全性或監管範圍更新,ADC-20261007-R1,original_R1_record_preserved,,,,,,,,,,,,,,,,,,,,,,,,
DB09_LIMITATION,臨床證據,DESTINY-Breast09／T-DXd + pertuzumab,解讀範圍,,OS於FDA核准分析未成熟；全三臂1157人；此數據比較770人；原文第三臂T-DXd+placebo仍盲；T-DXd+pertuzumab ILD有2例grade5；不能稱無毒,,第一線HER2+晚期/轉移乳癌；轉移性疾病未接受化療或HER2治療,taxane+trastuzumab+pertuzumab (THP),"[""C01"", ""C15"", ""C22""]",2025-02-26,隨機三期：監管公告或原始研究,同一試驗新資料截點、成熟OS、安全性或監管範圍更新,ADC-20261007-R1,original_R1_record_preserved,,,,,,,,,,,,,,,,,,,,,,,,
DB09_OS_MATURITY,臨床證據,DESTINY-Breast09／T-DXd + pertuzumab,OS成熟度,,所引用分析時OS尚未成熟；不填入未披露中位數或HR。,,第一線HER2+晚期/轉移乳癌；轉移性疾病未接受化療或HER2治療,taxane+trastuzumab+pertuzumab (THP),"[""C01"", ""C15"", ""C22""]",2025-02-26,隨機三期：監管公告或原始研究,同一試驗新資料截點、成熟OS、安全性或監管範圍更新,ADC-20261007-R1,original_R1_record_preserved,,,,,,,,,,,,,,,,,,,,,,,,
DB09_ILD_G5_EXP,臨床證據,DESTINY-Breast09／T-DXd + pertuzumab,獨立裁定藥物相關ILD第5級：試驗組,2,依原始論文摘要；不以四捨五入百分比回推病例。,人,第一線HER2+晚期/轉移乳癌；轉移性疾病未接受化療或HER2治療,taxane+trastuzumab+pertuzumab (THP),"[""C15""]",2025-02-26,原始論文公開摘要,同一試驗新資料截點、成熟OS、安全性或監管範圍更新,ADC-20261007-R1,original_R1_record_preserved,,,,,,,,,,,,,,,,,,,,,,,,
DB11_N_ALL,臨床證據,DESTINY-Breast11／T-DXd→THP,全試驗隨機分派人數,927,,人,高風險HER2+早期乳癌；核准StageII/III,ddAC→THP,"[""C02""]",,隨機三期：監管公告或原始研究,同一試驗新資料截點、成熟OS、安全性或監管範圍更新,ADC-20261007-R1,original_R1_record_preserved,,,,,,,,,,,,,,,,,,,,,,,,
DB11_N_EXP,臨床證據,DESTINY-Breast11／T-DXd→THP,此次比較試驗組人數,321,,人,高風險HER2+早期乳癌；核准StageII/III,ddAC→THP,"[""C02""]",,隨機三期：監管公告或原始研究,同一試驗新資料截點、成熟OS、安全性或監管範圍更新,ADC-20261007-R1,original_R1_record_preserved,,,,,,,,,,,,,,,,,,,,,,,,
DB11_N_CTRL,臨床證據,DESTINY-Breast11／T-DXd→THP,此次比較對照組人數,320,,人,高風險HER2+早期乳癌；核准StageII/III,ddAC→THP,"[""C02""]",,隨機三期：監管公告或原始研究,同一試驗新資料截點、成熟OS、安全性或監管範圍更新,ADC-20261007-R1,original_R1_record_preserved,,,,,,,,,,,,,,,,,,,,,,,,
DB11_PCR_EXP,臨床證據,DESTINY-Breast11／T-DXd→THP,中央評估pCR：試驗組,67.3,,%,高風險HER2+早期乳癌；核准StageII/III,ddAC→THP,"[""C02""]",,隨機三期：監管公告或原始研究,同一試驗新資料截點、成熟OS、安全性或監管範圍更新,ADC-20261007-R1,original_R1_record_preserved,,,,,,,,,,,,,,,,,,,,,,,,
DB11_PCR_CTRL,臨床證據,DESTINY-Breast11／T-DXd→THP,中央評估pCR：對照組,56.3,,%,高風險HER2+早期乳癌；核准StageII/III,ddAC→THP,"[""C02""]",,隨機三期：監管公告或原始研究,同一試驗新資料截點、成熟OS、安全性或監管範圍更新,ADC-20261007-R1,original_R1_record_preserved,,,,,,,,,,,,,,,,,,,,,,,,
DB11_PCR_P,臨床證據,DESTINY-Breast11／T-DXd→THP,中央評估pCR P值,,0.003,P,高風險HER2+早期乳癌；核准StageII/III,ddAC→THP,"[""C02""]",,隨機三期：監管公告或原始研究,同一試驗新資料截點、成熟OS、安全性或監管範圍更新,ADC-20261007-R1,original_R1_record_preserved,,,,,,,,,,,,,,,,,,,,,,,,
DB11_REGULATORY,臨床狀態,DESTINY-Breast11／T-DXd→THP,監管或開發狀態（文字日期保留）,,2026-05-15 FDA新輔助核准,,高風險HER2+早期乳癌；核准StageII/III,ddAC→THP,"[""C02""]",,隨機三期：監管公告或原始研究,同一試驗新資料截點、成熟OS、安全性或監管範圍更新,ADC-20261007-R1,original_R1_record_preserved,,,,,,,,,,,,,,,,,,,,,,,,
DB11_LIMITATION,臨床證據,DESTINY-Breast11／T-DXd→THP,解讀範圍,,使用FDA版數值；不混用早先公司67.3/56.1版本；EFS/OS沒有統計控制或足夠檢定力；pCR不是治癒率；仍有THP，不是ADC取代所有化療,,高風險HER2+早期乳癌；核准StageII/III,ddAC→THP,"[""C02""]",,隨機三期：監管公告或原始研究,同一試驗新資料截點、成熟OS、安全性或監管範圍更新,ADC-20261007-R1,original_R1_record_preserved,,,,,,,,,,,,,,,,,,,,,,,,
DB05_N_ALL,臨床證據,DESTINY-Breast05／T-DXd,全試驗隨機分派人數,1635,,人,trastuzumab±pertuzumab及taxane新輔助後仍有浸潤殘餘的HER2+早期乳癌,T-DM1,"[""C02"", ""C21""]",,隨機三期：監管公告或原始研究,同一試驗新資料截點、成熟OS、安全性或監管範圍更新,ADC-20261007-R1,original_R1_record_preserved,,,,,,,,,,,,,,,,,,,,,,,,
DB05_N_EXP,臨床證據,DESTINY-Breast05／T-DXd,此次比較試驗組人數,818,,人,trastuzumab±pertuzumab及taxane新輔助後仍有浸潤殘餘的HER2+早期乳癌,T-DM1,"[""C02"", ""C21""]",,隨機三期：監管公告或原始研究,同一試驗新資料截點、成熟OS、安全性或監管範圍更新,ADC-20261007-R1,original_R1_record_preserved,,,,,,,,,,,,,,,,,,,,,,,,
DB05_N_CTRL,臨床證據,DESTINY-Breast05／T-DXd,此次比較對照組人數,817,,人,trastuzumab±pertuzumab及taxane新輔助後仍有浸潤殘餘的HER2+早期乳癌,T-DM1,"[""C02"", ""C21""]",,隨機三期：監管公告或原始研究,同一試驗新資料截點、成熟OS、安全性或監管範圍更新,ADC-20261007-R1,original_R1_record_preserved,,,,,,,,,,,,,,,,,,,,,,,,
DB05_IDFS_3Y_EXP,臨床證據,DESTINY-Breast05／T-DXd,3年IDFS：試驗組,92.4,,%,trastuzumab±pertuzumab及taxane新輔助後仍有浸潤殘餘的HER2+早期乳癌,T-DM1,"[""C02"", ""C21""]",,隨機三期：監管公告或原始研究,同一試驗新資料截點、成熟OS、安全性或監管範圍更新,ADC-20261007-R1,original_R1_record_preserved,,,,,,,,,,,,,,,,,,,,,,,,
DB05_IDFS_3Y_CTRL,臨床證據,DESTINY-Breast05／T-DXd,3年IDFS：對照組,83.7,,%,trastuzumab±pertuzumab及taxane新輔助後仍有浸潤殘餘的HER2+早期乳癌,T-DM1,"[""C02"", ""C21""]",,隨機三期：監管公告或原始研究,同一試驗新資料截點、成熟OS、安全性或監管範圍更新,ADC-20261007-R1,original_R1_record_preserved,,,,,,,,,,,,,,,,,,,,,,,,
DB05_IDFS_3Y_HR,臨床證據,DESTINY-Breast05／T-DXd,3年IDFS風險比,0.47,試驗組相對本試驗對照；不是單純機率差。,HR,trastuzumab±pertuzumab及taxane新輔助後仍有浸潤殘餘的HER2+早期乳癌,T-DM1,"[""C02"", ""C21""]",,隨機三期：監管公告或原始研究,同一試驗新資料截點、成熟OS、安全性或監管範圍更新,ADC-20261007-R1,original_R1_record_preserved,,,,,,,,,,,,,,,,,,,,,,,,
DB05_IDFS_3Y_HR_CI_LOW,臨床證據,DESTINY-Breast05／T-DXd,3年IDFS HR 95%信賴區間下限,0.34,,HR,trastuzumab±pertuzumab及taxane新輔助後仍有浸潤殘餘的HER2+早期乳癌,T-DM1,"[""C02"", ""C21""]",,隨機三期：監管公告或原始研究,同一試驗新資料截點、成熟OS、安全性或監管範圍更新,ADC-20261007-R1,original_R1_record_preserved,,,,,,,,,,,,,,,,,,,,,,,,
DB05_IDFS_3Y_HR_CI_HIGH,臨床證據,DESTINY-Breast05／T-DXd,3年IDFS HR 95%信賴區間上限,0.66,,HR,trastuzumab±pertuzumab及taxane新輔助後仍有浸潤殘餘的HER2+早期乳癌,T-DM1,"[""C02"", ""C21""]",,隨機三期：監管公告或原始研究,同一試驗新資料截點、成熟OS、安全性或監管範圍更新,ADC-20261007-R1,original_R1_record_preserved,,,,,,,,,,,,,,,,,,,,,,,,
DB05_IDFS_3Y_P,臨床證據,DESTINY-Breast05／T-DXd,3年IDFS P值,,<0.0001,P,trastuzumab±pertuzumab及taxane新輔助後仍有浸潤殘餘的HER2+早期乳癌,T-DM1,"[""C02"", ""C21""]",,隨機三期：監管公告或原始研究,同一試驗新資料截點、成熟OS、安全性或監管範圍更新,ADC-20261007-R1,original_R1_record_preserved,,,,,,,,,,,,,,,,,,,,,,,,
DB05_REGULATORY,臨床狀態,DESTINY-Breast05／T-DXd,監管或開發狀態（文字日期保留）,,2026-05-15 FDA輔助核准,,trastuzumab±pertuzumab及taxane新輔助後仍有浸潤殘餘的HER2+早期乳癌,T-DM1,"[""C02"", ""C21""]",,隨機三期：監管公告或原始研究,同一試驗新資料截點、成熟OS、安全性或監管範圍更新,ADC-20261007-R1,original_R1_record_preserved,,,,,,,,,,,,,,,,,,,,,,,,
DB05_LIMITATION,臨床證據,DESTINY-Breast05／T-DXd,解讀範圍,,ADC對ADC直接比較，卻不是Topo-I ADC失敗後試驗；登錄排除既往T-DXd、T-DM1或其他HER2 ADC；DB11與DB05不能拼接成術前T-DXd後術後再T-DXd已被驗證；核准分析總死亡47人/2.9%；OS成熟度有限,,trastuzumab±pertuzumab及taxane新輔助後仍有浸潤殘餘的HER2+早期乳癌,T-DM1,"[""C02"", ""C21""]",,隨機三期：監管公告或原始研究,同一試驗新資料截點、成熟OS、安全性或監管範圍更新,ADC-20261007-R1,original_R1_record_preserved,,,,,,,,,,,,,,,,,,,,,,,,
TB02_N_ALL,臨床證據,TROPION-Breast02／Dato-DXd,全試驗隨機分派人數,644,,人,第一線不可切除/轉移性TNBC，非PD-(L)1治療候選,醫師選擇化療,"[""C03"", ""C18""]",,隨機三期：監管公告或原始研究,同一試驗新資料截點、成熟OS、安全性或監管範圍更新,ADC-20261007-R1,original_R1_record_preserved,,,,,,,,,,,,,,,,,,,,,,,,
TB02_N_EXP,臨床證據,TROPION-Breast02／Dato-DXd,此次比較試驗組人數,323,,人,第一線不可切除/轉移性TNBC，非PD-(L)1治療候選,醫師選擇化療,"[""C03"", ""C18""]",,隨機三期：監管公告或原始研究,同一試驗新資料截點、成熟OS、安全性或監管範圍更新,ADC-20261007-R1,original_R1_record_preserved,,,,,,,,,,,,,,,,,,,,,,,,
TB02_N_CTRL,臨床證據,TROPION-Breast02／Dato-DXd,此次比較對照組人數,321,,人,第一線不可切除/轉移性TNBC，非PD-(L)1治療候選,醫師選擇化療,"[""C03"", ""C18""]",,隨機三期：監管公告或原始研究,同一試驗新資料截點、成熟OS、安全性或監管範圍更新,ADC-20261007-R1,original_R1_record_preserved,,,,,,,,,,,,,,,,,,,,,,,,
TB02_PFS_EXP,臨床證據,TROPION-Breast02／Dato-DXd,BICR中位PFS：試驗組,10.8,,月,第一線不可切除/轉移性TNBC，非PD-(L)1治療候選,醫師選擇化療,"[""C03"", ""C18""]",,隨機三期：監管公告或原始研究,同一試驗新資料截點、成熟OS、安全性或監管範圍更新,ADC-20261007-R1,original_R1_record_preserved,,,,,,,,,,,,,,,,,,,,,,,,
TB02_PFS_CTRL,臨床證據,TROPION-Breast02／Dato-DXd,BICR中位PFS：對照組,5.6,,月,第一線不可切除/轉移性TNBC，非PD-(L)1治療候選,醫師選擇化療,"[""C03"", ""C18""]",,隨機三期：監管公告或原始研究,同一試驗新資料截點、成熟OS、安全性或監管範圍更新,ADC-20261007-R1,original_R1_record_preserved,,,,,,,,,,,,,,,,,,,,,,,,
TB02_PFS_HR,臨床證據,TROPION-Breast02／Dato-DXd,BICR中位PFS風險比,0.57,試驗組相對本試驗對照；不是單純機率差。,HR,第一線不可切除/轉移性TNBC，非PD-(L)1治療候選,醫師選擇化療,"[""C03"", ""C18""]",,隨機三期：監管公告或原始研究,同一試驗新資料截點、成熟OS、安全性或監管範圍更新,ADC-20261007-R1,original_R1_record_preserved,,,,,,,,,,,,,,,,,,,,,,,,
TB02_PFS_HR_CI_LOW,臨床證據,TROPION-Breast02／Dato-DXd,BICR中位PFS HR 95%信賴區間下限,0.47,,HR,第一線不可切除/轉移性TNBC，非PD-(L)1治療候選,醫師選擇化療,"[""C03"", ""C18""]",,隨機三期：監管公告或原始研究,同一試驗新資料截點、成熟OS、安全性或監管範圍更新,ADC-20261007-R1,original_R1_record_preserved,,,,,,,,,,,,,,,,,,,,,,,,
TB02_PFS_HR_CI_HIGH,臨床證據,TROPION-Breast02／Dato-DXd,BICR中位PFS HR 95%信賴區間上限,0.69,,HR,第一線不可切除/轉移性TNBC，非PD-(L)1治療候選,醫師選擇化療,"[""C03"", ""C18""]",,隨機三期：監管公告或原始研究,同一試驗新資料截點、成熟OS、安全性或監管範圍更新,ADC-20261007-R1,original_R1_record_preserved,,,,,,,,,,,,,,,,,,,,,,,,
TB02_PFS_P,臨床證據,TROPION-Breast02／Dato-DXd,BICR中位PFS P值,,<0.0001,P,第一線不可切除/轉移性TNBC，非PD-(L)1治療候選,醫師選擇化療,"[""C03"", ""C18""]",,隨機三期：監管公告或原始研究,同一試驗新資料截點、成熟OS、安全性或監管範圍更新,ADC-20261007-R1,original_R1_record_preserved,,,,,,,,,,,,,,,,,,,,,,,,
TB02_OS_EXP,臨床證據,TROPION-Breast02／Dato-DXd,中位OS：試驗組,23.7,,月,第一線不可切除/轉移性TNBC，非PD-(L)1治療候選,醫師選擇化療,"[""C03"", ""C18""]",,隨機三期：監管公告或原始研究,同一試驗新資料截點、成熟OS、安全性或監管範圍更新,ADC-20261007-R1,original_R1_record_preserved,,,,,,,,,,,,,,,,,,,,,,,,
TB02_OS_CTRL,臨床證據,TROPION-Breast02／Dato-DXd,中位OS：對照組,18.7,,月,第一線不可切除/轉移性TNBC，非PD-(L)1治療候選,醫師選擇化療,"[""C03"", ""C18""]",,隨機三期：監管公告或原始研究,同一試驗新資料截點、成熟OS、安全性或監管範圍更新,ADC-20261007-R1,original_R1_record_preserved,,,,,,,,,,,,,,,,,,,,,,,,
TB02_OS_HR,臨床證據,TROPION-Breast02／Dato-DXd,中位OS風險比,0.79,試驗組相對本試驗對照；不是單純機率差。,HR,第一線不可切除/轉移性TNBC，非PD-(L)1治療候選,醫師選擇化療,"[""C03"", ""C18""]",,隨機三期：監管公告或原始研究,同一試驗新資料截點、成熟OS、安全性或監管範圍更新,ADC-20261007-R1,original_R1_record_preserved,,,,,,,,,,,,,,,,,,,,,,,,
TB02_OS_HR_CI_LOW,臨床證據,TROPION-Breast02／Dato-DXd,中位OS HR 95%信賴區間下限,0.64,,HR,第一線不可切除/轉移性TNBC，非PD-(L)1治療候選,醫師選擇化療,"[""C03"", ""C18""]",,隨機三期：監管公告或原始研究,同一試驗新資料截點、成熟OS、安全性或監管範圍更新,ADC-20261007-R1,original_R1_record_preserved,,,,,,,,,,,,,,,,,,,,,,,,
TB02_OS_HR_CI_HIGH,臨床證據,TROPION-Breast02／Dato-DXd,中位OS HR 95%信賴區間上限,0.98,,HR,第一線不可切除/轉移性TNBC，非PD-(L)1治療候選,醫師選擇化療,"[""C03"", ""C18""]",,隨機三期：監管公告或原始研究,同一試驗新資料截點、成熟OS、安全性或監管範圍更新,ADC-20261007-R1,original_R1_record_preserved,,,,,,,,,,,,,,,,,,,,,,,,
TB02_OS_P,臨床證據,TROPION-Breast02／Dato-DXd,中位OS P值,,0.0290,P,第一線不可切除/轉移性TNBC，非PD-(L)1治療候選,醫師選擇化療,"[""C03"", ""C18""]",,隨機三期：監管公告或原始研究,同一試驗新資料截點、成熟OS、安全性或監管範圍更新,ADC-20261007-R1,original_R1_record_preserved,,,,,,,,,,,,,,,,,,,,,,,,
TB02_REGULATORY,臨床狀態,TROPION-Breast02／Dato-DXd,監管或開發狀態（文字日期保留）,,2026-05-22 FDA核准,,第一線不可切除/轉移性TNBC，非PD-(L)1治療候選,醫師選擇化療,"[""C03"", ""C18""]",,隨機三期：監管公告或原始研究,同一試驗新資料截點、成熟OS、安全性或監管範圍更新,ADC-20261007-R1,original_R1_record_preserved,,,,,,,,,,,,,,,,,,,,,,,,
TB02_LIMITATION,臨床證據,TROPION-Breast02／Dato-DXd,解讀範圍,,排除既往Topo-I治療，包括含此payload ADC；對照配方/人群與ASCENT03不同，不直接排序Dato與SG；眼、口腔、ILD管理是交付條件,,第一線不可切除/轉移性TNBC，非PD-(L)1治療候選,醫師選擇化療,"[""C03"", ""C18""]",,隨機三期：監管公告或原始研究,同一試驗新資料截點、成熟OS、安全性或監管範圍更新,ADC-20261007-R1,original_R1_record_preserved,,,,,,,,,,,,,,,,,,,,,,,,
TB01_N_ALL,臨床證據,TROPION-Breast01／Dato-DXd,全試驗隨機分派人數,732,,人,HR+/HER2−乳癌，內分泌後且已有1–2線晚期化療,醫師選擇化療,"[""C04""]",,隨機三期：監管公告或原始研究,同一試驗新資料截點、成熟OS、安全性或監管範圍更新,ADC-20261007-R1,original_R1_record_preserved,,,,,,,,,,,,,,,,,,,,,,,,
TB01_PFS_EXP,臨床證據,TROPION-Breast01／Dato-DXd,BICR中位PFS：試驗組,6.9,,月,HR+/HER2−乳癌，內分泌後且已有1–2線晚期化療,醫師選擇化療,"[""C04""]",,隨機三期：監管公告或原始研究,同一試驗新資料截點、成熟OS、安全性或監管範圍更新,ADC-20261007-R1,original_R1_record_preserved,,,,,,,,,,,,,,,,,,,,,,,,
TB01_PFS_CTRL,臨床證據,TROPION-Breast01／Dato-DXd,BICR中位PFS：對照組,4.9,,月,HR+/HER2−乳癌，內分泌後且已有1–2線晚期化療,醫師選擇化療,"[""C04""]",,隨機三期：監管公告或原始研究,同一試驗新資料截點、成熟OS、安全性或監管範圍更新,ADC-20261007-R1,original_R1_record_preserved,,,,,,,,,,,,,,,,,,,,,,,,
TB01_PFS_HR,臨床證據,TROPION-Breast01／Dato-DXd,BICR中位PFS風險比,0.63,試驗組相對本試驗對照；不是單純機率差。,HR,HR+/HER2−乳癌，內分泌後且已有1–2線晚期化療,醫師選擇化療,"[""C04""]",,隨機三期：監管公告或原始研究,同一試驗新資料截點、成熟OS、安全性或監管範圍更新,ADC-20261007-R1,original_R1_record_preserved,,,,,,,,,,,,,,,,,,,,,,,,
TB01_PFS_HR_CI_LOW,臨床證據,TROPION-Breast01／Dato-DXd,BICR中位PFS HR 95%信賴區間下限,0.52,,HR,HR+/HER2−乳癌，內分泌後且已有1–2線晚期化療,醫師選擇化療,"[""C04""]",,隨機三期：監管公告或原始研究,同一試驗新資料截點、成熟OS、安全性或監管範圍更新,ADC-20261007-R1,original_R1_record_preserved,,,,,,,,,,,,,,,,,,,,,,,,
TB01_PFS_HR_CI_HIGH,臨床證據,TROPION-Breast01／Dato-DXd,BICR中位PFS HR 95%信賴區間上限,0.76,,HR,HR+/HER2−乳癌，內分泌後且已有1–2線晚期化療,醫師選擇化療,"[""C04""]",,隨機三期：監管公告或原始研究,同一試驗新資料截點、成熟OS、安全性或監管範圍更新,ADC-20261007-R1,original_R1_record_preserved,,,,,,,,,,,,,,,,,,,,,,,,
TB01_PFS_P,臨床證據,TROPION-Breast01／Dato-DXd,BICR中位PFS P值,,<0.0001,P,HR+/HER2−乳癌，內分泌後且已有1–2線晚期化療,醫師選擇化療,"[""C04""]",,隨機三期：監管公告或原始研究,同一試驗新資料截點、成熟OS、安全性或監管範圍更新,ADC-20261007-R1,original_R1_record_preserved,,,,,,,,,,,,,,,,,,,,,,,,
TB01_OS_EXP,臨床證據,TROPION-Breast01／Dato-DXd,中位OS：試驗組,18.6,,月,HR+/HER2−乳癌，內分泌後且已有1–2線晚期化療,醫師選擇化療,"[""C04""]",,隨機三期：監管公告或原始研究,同一試驗新資料截點、成熟OS、安全性或監管範圍更新,ADC-20261007-R1,original_R1_record_preserved,,,,,,,,,,,,,,,,,,,,,,,,
TB01_OS_CTRL,臨床證據,TROPION-Breast01／Dato-DXd,中位OS：對照組,18.3,,月,HR+/HER2−乳癌，內分泌後且已有1–2線晚期化療,醫師選擇化療,"[""C04""]",,隨機三期：監管公告或原始研究,同一試驗新資料截點、成熟OS、安全性或監管範圍更新,ADC-20261007-R1,original_R1_record_preserved,,,,,,,,,,,,,,,,,,,,,,,,
TB01_OS_HR,臨床證據,TROPION-Breast01／Dato-DXd,中位OS風險比,1.01,試驗組相對本試驗對照；不是單純機率差。,HR,HR+/HER2−乳癌，內分泌後且已有1–2線晚期化療,醫師選擇化療,"[""C04""]",,隨機三期：監管公告或原始研究,同一試驗新資料截點、成熟OS、安全性或監管範圍更新,ADC-20261007-R1,original_R1_record_preserved,,,,,,,,,,,,,,,,,,,,,,,,
TB01_OS_HR_CI_LOW,臨床證據,TROPION-Breast01／Dato-DXd,中位OS HR 95%信賴區間下限,0.83,,HR,HR+/HER2−乳癌，內分泌後且已有1–2線晚期化療,醫師選擇化療,"[""C04""]",,隨機三期：監管公告或原始研究,同一試驗新資料截點、成熟OS、安全性或監管範圍更新,ADC-20261007-R1,original_R1_record_preserved,,,,,,,,,,,,,,,,,,,,,,,,
TB01_OS_HR_CI_HIGH,臨床證據,TROPION-Breast01／Dato-DXd,中位OS HR 95%信賴區間上限,1.22,,HR,HR+/HER2−乳癌，內分泌後且已有1–2線晚期化療,醫師選擇化療,"[""C04""]",,隨機三期：監管公告或原始研究,同一試驗新資料截點、成熟OS、安全性或監管範圍更新,ADC-20261007-R1,original_R1_record_preserved,,,,,,,,,,,,,,,,,,,,,,,,
TB01_OS_P,臨床證據,TROPION-Breast01／Dato-DXd,中位OS P值,,未達顯著,P,HR+/HER2−乳癌，內分泌後且已有1–2線晚期化療,醫師選擇化療,"[""C04""]",,隨機三期：監管公告或原始研究,同一試驗新資料截點、成熟OS、安全性或監管範圍更新,ADC-20261007-R1,original_R1_record_preserved,,,,,,,,,,,,,,,,,,,,,,,,
TB01_REGULATORY,臨床狀態,TROPION-Breast01／Dato-DXd,監管或開發狀態（文字日期保留）,,2025-01-17 FDA核准,,HR+/HER2−乳癌，內分泌後且已有1–2線晚期化療,醫師選擇化療,"[""C04""]",,隨機三期：監管公告或原始研究,同一試驗新資料截點、成熟OS、安全性或監管範圍更新,ADC-20261007-R1,original_R1_record_preserved,,,,,,,,,,,,,,,,,,,,,,,,
TB01_LIMITATION,臨床證據,TROPION-Breast01／Dato-DXd,解讀範圍,,PFS陽性不代表OS陽性；登錄排除prior Topo-I治療/ADC，詳registry_records,,HR+/HER2−乳癌，內分泌後且已有1–2線晚期化療,醫師選擇化療,"[""C04""]",,隨機三期：監管公告或原始研究,同一試驗新資料截點、成熟OS、安全性或監管範圍更新,ADC-20261007-R1,original_R1_record_preserved,,,,,,,,,,,,,,,,,,,,,,,,
DATO_EGFR_N_ANALYSIS,臨床證據,TROPION-Lung05/Lung01合併EGFR亞群／Dato-DXd,分析人數,114,,人,EGFR突變NSCLC，EGFR治療與含鉑後,合併亞群無同步對照效應估計,"[""C05""]",,早期或非對照臨床資料,同一試驗新資料截點、成熟OS、安全性或監管範圍更新,ADC-20261007-R1,original_R1_record_preserved,,,,,,,,,,,,,,,,,,,,,,,,
DATO_EGFR_ORR_EXP,臨床證據,TROPION-Lung05/Lung01合併EGFR亞群／Dato-DXd,BICR ORR：試驗組,45,,%,EGFR突變NSCLC，EGFR治療與含鉑後,合併亞群無同步對照效應估計,"[""C05""]",,早期或非對照臨床資料,同一試驗新資料截點、成熟OS、安全性或監管範圍更新,ADC-20261007-R1,original_R1_record_preserved,,,,,,,,,,,,,,,,,,,,,,,,
DATO_EGFR_DOR_EXP,臨床證據,TROPION-Lung05/Lung01合併EGFR亞群／Dato-DXd,中位DOR：試驗組,6.5,,月,EGFR突變NSCLC，EGFR治療與含鉑後,合併亞群無同步對照效應估計,"[""C05""]",,早期或非對照臨床資料,同一試驗新資料截點、成熟OS、安全性或監管範圍更新,ADC-20261007-R1,original_R1_record_preserved,,,,,,,,,,,,,,,,,,,,,,,,
DATO_EGFR_REGULATORY,臨床狀態,TROPION-Lung05/Lung01合併EGFR亞群／Dato-DXd,監管或開發狀態（文字日期保留）,,2025-06-23 FDA加速核准,,EGFR突變NSCLC，EGFR治療與含鉑後,合併亞群無同步對照效應估計,"[""C05""]",,早期或非對照臨床資料,同一試驗新資料截點、成熟OS、安全性或監管範圍更新,ADC-20261007-R1,original_R1_record_preserved,,,,,,,,,,,,,,,,,,,,,,,,
DATO_EGFR_LIMITATION,臨床證據,TROPION-Lung05/Lung01合併EGFR亞群／Dato-DXd,解讀範圍,,來源為單臂Lung05及隨機Lung01之治療組合併亞群；不是所有NSCLC核准，不證明OS優越,,EGFR突變NSCLC，EGFR治療與含鉑後,合併亞群無同步對照效應估計,"[""C05""]",,早期或非對照臨床資料,同一試驗新資料截點、成熟OS、安全性或監管範圍更新,ADC-20261007-R1,original_R1_record_preserved,,,,,,,,,,,,,,,,,,,,,,,,
ASCENT03_N_ALL,臨床證據,ASCENT-03／Sacituzumab govitecan,全試驗隨機分派人數,558,,人,第一線TNBC，非PD-(L)1治療候選,nab-paclitaxel/paclitaxel/gemcitabine+carboplatin,"[""C06"", ""C19""]",,隨機三期：監管公告或原始研究,同一試驗新資料截點、成熟OS、安全性或監管範圍更新,ADC-20261007-R1,original_R1_record_preserved,,,,,,,,,,,,,,,,,,,,,,,,
ASCENT03_PFS_EXP,臨床證據,ASCENT-03／Sacituzumab govitecan,BICR中位PFS：試驗組,9.7,,月,第一線TNBC，非PD-(L)1治療候選,nab-paclitaxel/paclitaxel/gemcitabine+carboplatin,"[""C06"", ""C19""]",,隨機三期：監管公告或原始研究,同一試驗新資料截點、成熟OS、安全性或監管範圍更新,ADC-20261007-R1,original_R1_record_preserved,,,,,,,,,,,,,,,,,,,,,,,,
ASCENT03_PFS_CTRL,臨床證據,ASCENT-03／Sacituzumab govitecan,BICR中位PFS：對照組,6.9,,月,第一線TNBC，非PD-(L)1治療候選,nab-paclitaxel/paclitaxel/gemcitabine+carboplatin,"[""C06"", ""C19""]",,隨機三期：監管公告或原始研究,同一試驗新資料截點、成熟OS、安全性或監管範圍更新,ADC-20261007-R1,original_R1_record_preserved,,,,,,,,,,,,,,,,,,,,,,,,
ASCENT03_PFS_HR,臨床證據,ASCENT-03／Sacituzumab govitecan,BICR中位PFS風險比,0.62,試驗組相對本試驗對照；不是單純機率差。,HR,第一線TNBC，非PD-(L)1治療候選,nab-paclitaxel/paclitaxel/gemcitabine+carboplatin,"[""C06"", ""C19""]",,隨機三期：監管公告或原始研究,同一試驗新資料截點、成熟OS、安全性或監管範圍更新,ADC-20261007-R1,original_R1_record_preserved,,,,,,,,,,,,,,,,,,,,,,,,
ASCENT03_PFS_HR_CI_LOW,臨床證據,ASCENT-03／Sacituzumab govitecan,BICR中位PFS HR 95%信賴區間下限,0.5,,HR,第一線TNBC，非PD-(L)1治療候選,nab-paclitaxel/paclitaxel/gemcitabine+carboplatin,"[""C06"", ""C19""]",,隨機三期：監管公告或原始研究,同一試驗新資料截點、成熟OS、安全性或監管範圍更新,ADC-20261007-R1,original_R1_record_preserved,,,,,,,,,,,,,,,,,,,,,,,,
ASCENT03_PFS_HR_CI_HIGH,臨床證據,ASCENT-03／Sacituzumab govitecan,BICR中位PFS HR 95%信賴區間上限,0.77,,HR,第一線TNBC，非PD-(L)1治療候選,nab-paclitaxel/paclitaxel/gemcitabine+carboplatin,"[""C06"", ""C19""]",,隨機三期：監管公告或原始研究,同一試驗新資料截點、成熟OS、安全性或監管範圍更新,ADC-20261007-R1,original_R1_record_preserved,,,,,,,,,,,,,,,,,,,,,,,,
ASCENT03_PFS_P,臨床證據,ASCENT-03／Sacituzumab govitecan,BICR中位PFS P值,,<0.0001,P,第一線TNBC，非PD-(L)1治療候選,nab-paclitaxel/paclitaxel/gemcitabine+carboplatin,"[""C06"", ""C19""]",,隨機三期：監管公告或原始研究,同一試驗新資料截點、成熟OS、安全性或監管範圍更新,ADC-20261007-R1,original_R1_record_preserved,,,,,,,,,,,,,,,,,,,,,,,,
ASCENT03_REGULATORY,臨床狀態,ASCENT-03／Sacituzumab govitecan,監管或開發狀態（文字日期保留）,,2026-06-24 FDA第一線單藥核准,,第一線TNBC，非PD-(L)1治療候選,nab-paclitaxel/paclitaxel/gemcitabine+carboplatin,"[""C06"", ""C19""]",,隨機三期：監管公告或原始研究,同一試驗新資料截點、成熟OS、安全性或監管範圍更新,ADC-20261007-R1,original_R1_record_preserved,,,,,,,,,,,,,,,,,,,,,,,,
ASCENT03_LIMITATION,臨床證據,ASCENT-03／Sacituzumab govitecan,解讀範圍,,OS仍未成熟；排除既往Topo-I inhibitors/含此payload ADC；不與TROPIONBreast02跨試驗排名,,第一線TNBC，非PD-(L)1治療候選,nab-paclitaxel/paclitaxel/gemcitabine+carboplatin,"[""C06"", ""C19""]",,隨機三期：監管公告或原始研究,同一試驗新資料截點、成熟OS、安全性或監管範圍更新,ADC-20261007-R1,original_R1_record_preserved,,,,,,,,,,,,,,,,,,,,,,,,
ASCENT03_OS_MATURITY,臨床證據,ASCENT-03／Sacituzumab govitecan,OS成熟度,,所引用分析時OS尚未成熟；不填入未披露中位數或HR。,,第一線TNBC，非PD-(L)1治療候選,nab-paclitaxel/paclitaxel/gemcitabine+carboplatin,"[""C06"", ""C19""]",,隨機三期：監管公告或原始研究,同一試驗新資料截點、成熟OS、安全性或監管範圍更新,ADC-20261007-R1,original_R1_record_preserved,,,,,,,,,,,,,,,,,,,,,,,,
ASCENT04_N_ALL,臨床證據,ASCENT-04/KEYNOTE-D19／SG+pembrolizumab,全試驗隨機分派人數,443,,人,第一線TNBC，PD-L1 CPS≥10,醫師選擇化療+pembrolizumab,"[""C06"", ""C20""]",,隨機三期：監管公告或原始研究,同一試驗新資料截點、成熟OS、安全性或監管範圍更新,ADC-20261007-R1,original_R1_record_preserved,,,,,,,,,,,,,,,,,,,,,,,,
ASCENT04_PFS_EXP,臨床證據,ASCENT-04/KEYNOTE-D19／SG+pembrolizumab,BICR中位PFS：試驗組,11.2,,月,第一線TNBC，PD-L1 CPS≥10,醫師選擇化療+pembrolizumab,"[""C06"", ""C20""]",,隨機三期：監管公告或原始研究,同一試驗新資料截點、成熟OS、安全性或監管範圍更新,ADC-20261007-R1,original_R1_record_preserved,,,,,,,,,,,,,,,,,,,,,,,,
ASCENT04_PFS_CTRL,臨床證據,ASCENT-04/KEYNOTE-D19／SG+pembrolizumab,BICR中位PFS：對照組,7.8,,月,第一線TNBC，PD-L1 CPS≥10,醫師選擇化療+pembrolizumab,"[""C06"", ""C20""]",,隨機三期：監管公告或原始研究,同一試驗新資料截點、成熟OS、安全性或監管範圍更新,ADC-20261007-R1,original_R1_record_preserved,,,,,,,,,,,,,,,,,,,,,,,,
ASCENT04_PFS_HR,臨床證據,ASCENT-04/KEYNOTE-D19／SG+pembrolizumab,BICR中位PFS風險比,0.65,試驗組相對本試驗對照；不是單純機率差。,HR,第一線TNBC，PD-L1 CPS≥10,醫師選擇化療+pembrolizumab,"[""C06"", ""C20""]",,隨機三期：監管公告或原始研究,同一試驗新資料截點、成熟OS、安全性或監管範圍更新,ADC-20261007-R1,original_R1_record_preserved,,,,,,,,,,,,,,,,,,,,,,,,
ASCENT04_PFS_HR_CI_LOW,臨床證據,ASCENT-04/KEYNOTE-D19／SG+pembrolizumab,BICR中位PFS HR 95%信賴區間下限,0.51,,HR,第一線TNBC，PD-L1 CPS≥10,醫師選擇化療+pembrolizumab,"[""C06"", ""C20""]",,隨機三期：監管公告或原始研究,同一試驗新資料截點、成熟OS、安全性或監管範圍更新,ADC-20261007-R1,original_R1_record_preserved,,,,,,,,,,,,,,,,,,,,,,,,
ASCENT04_PFS_HR_CI_HIGH,臨床證據,ASCENT-04/KEYNOTE-D19／SG+pembrolizumab,BICR中位PFS HR 95%信賴區間上限,0.84,,HR,第一線TNBC，PD-L1 CPS≥10,醫師選擇化療+pembrolizumab,"[""C06"", ""C20""]",,隨機三期：監管公告或原始研究,同一試驗新資料截點、成熟OS、安全性或監管範圍更新,ADC-20261007-R1,original_R1_record_preserved,,,,,,,,,,,,,,,,,,,,,,,,
ASCENT04_PFS_P,臨床證據,ASCENT-04/KEYNOTE-D19／SG+pembrolizumab,BICR中位PFS P值,,0.0009,P,第一線TNBC，PD-L1 CPS≥10,醫師選擇化療+pembrolizumab,"[""C06"", ""C20""]",,隨機三期：監管公告或原始研究,同一試驗新資料截點、成熟OS、安全性或監管範圍更新,ADC-20261007-R1,original_R1_record_preserved,,,,,,,,,,,,,,,,,,,,,,,,
ASCENT04_REGULATORY,臨床狀態,ASCENT-04/KEYNOTE-D19／SG+pembrolizumab,監管或開發狀態（文字日期保留）,,2026-06-24 FDA第一線併用核准,,第一線TNBC，PD-L1 CPS≥10,醫師選擇化療+pembrolizumab,"[""C06"", ""C20""]",,隨機三期：監管公告或原始研究,同一試驗新資料截點、成熟OS、安全性或監管範圍更新,ADC-20261007-R1,original_R1_record_preserved,,,,,,,,,,,,,,,,,,,,,,,,
ASCENT04_LIMITATION,臨床證據,ASCENT-04/KEYNOTE-D19／SG+pembrolizumab,解讀範圍,,OS未成熟；排除既往Topo-I inhibitor/ADC；不能推廣為所有ADC+PD1組合有效,,第一線TNBC，PD-L1 CPS≥10,醫師選擇化療+pembrolizumab,"[""C06"", ""C20""]",,隨機三期：監管公告或原始研究,同一試驗新資料截點、成熟OS、安全性或監管範圍更新,ADC-20261007-R1,original_R1_record_preserved,,,,,,,,,,,,,,,,,,,,,,,,
ASCENT04_OS_MATURITY,臨床證據,ASCENT-04/KEYNOTE-D19／SG+pembrolizumab,OS成熟度,,所引用分析時OS尚未成熟；不填入未披露中位數或HR。,,第一線TNBC，PD-L1 CPS≥10,醫師選擇化療+pembrolizumab,"[""C06"", ""C20""]",,隨機三期：監管公告或原始研究,同一試驗新資料截點、成熟OS、安全性或監管範圍更新,ADC-20261007-R1,original_R1_record_preserved,,,,,,,,,,,,,,,,,,,,,,,,
EV302_N_ALL,臨床證據,EV-302/KEYNOTE-A39／EV+pembrolizumab,全試驗隨機分派人數,886,,人,未接受晚期全身治療之局部晚期/轉移性尿路上皮癌,gemcitabine+cisplatin/carboplatin,"[""C07""]",,隨機三期：監管公告或原始研究,同一試驗新資料截點、成熟OS、安全性或監管範圍更新,ADC-20261007-R1,original_R1_record_preserved,,,,,,,,,,,,,,,,,,,,,,,,
EV302_OS_EXP,臨床證據,EV-302/KEYNOTE-A39／EV+pembrolizumab,中位OS：試驗組,31.5,,月,未接受晚期全身治療之局部晚期/轉移性尿路上皮癌,gemcitabine+cisplatin/carboplatin,"[""C07""]",,隨機三期：監管公告或原始研究,同一試驗新資料截點、成熟OS、安全性或監管範圍更新,ADC-20261007-R1,original_R1_record_preserved,,,,,,,,,,,,,,,,,,,,,,,,
EV302_OS_CTRL,臨床證據,EV-302/KEYNOTE-A39／EV+pembrolizumab,中位OS：對照組,16.1,,月,未接受晚期全身治療之局部晚期/轉移性尿路上皮癌,gemcitabine+cisplatin/carboplatin,"[""C07""]",,隨機三期：監管公告或原始研究,同一試驗新資料截點、成熟OS、安全性或監管範圍更新,ADC-20261007-R1,original_R1_record_preserved,,,,,,,,,,,,,,,,,,,,,,,,
EV302_OS_HR,臨床證據,EV-302/KEYNOTE-A39／EV+pembrolizumab,中位OS風險比,0.47,試驗組相對本試驗對照；不是單純機率差。,HR,未接受晚期全身治療之局部晚期/轉移性尿路上皮癌,gemcitabine+cisplatin/carboplatin,"[""C07""]",,隨機三期：監管公告或原始研究,同一試驗新資料截點、成熟OS、安全性或監管範圍更新,ADC-20261007-R1,original_R1_record_preserved,,,,,,,,,,,,,,,,,,,,,,,,
EV302_OS_HR_CI_LOW,臨床證據,EV-302/KEYNOTE-A39／EV+pembrolizumab,中位OS HR 95%信賴區間下限,0.38,,HR,未接受晚期全身治療之局部晚期/轉移性尿路上皮癌,gemcitabine+cisplatin/carboplatin,"[""C07""]",,隨機三期：監管公告或原始研究,同一試驗新資料截點、成熟OS、安全性或監管範圍更新,ADC-20261007-R1,original_R1_record_preserved,,,,,,,,,,,,,,,,,,,,,,,,
EV302_OS_HR_CI_HIGH,臨床證據,EV-302/KEYNOTE-A39／EV+pembrolizumab,中位OS HR 95%信賴區間上限,0.58,,HR,未接受晚期全身治療之局部晚期/轉移性尿路上皮癌,gemcitabine+cisplatin/carboplatin,"[""C07""]",,隨機三期：監管公告或原始研究,同一試驗新資料截點、成熟OS、安全性或監管範圍更新,ADC-20261007-R1,original_R1_record_preserved,,,,,,,,,,,,,,,,,,,,,,,,
EV302_OS_P,臨床證據,EV-302/KEYNOTE-A39／EV+pembrolizumab,中位OS P值,,<0.0001,P,未接受晚期全身治療之局部晚期/轉移性尿路上皮癌,gemcitabine+cisplatin/carboplatin,"[""C07""]",,隨機三期：監管公告或原始研究,同一試驗新資料截點、成熟OS、安全性或監管範圍更新,ADC-20261007-R1,original_R1_record_preserved,,,,,,,,,,,,,,,,,,,,,,,,
EV302_PFS_EXP,臨床證據,EV-302/KEYNOTE-A39／EV+pembrolizumab,BICR中位PFS：試驗組,12.5,,月,未接受晚期全身治療之局部晚期/轉移性尿路上皮癌,gemcitabine+cisplatin/carboplatin,"[""C07""]",,隨機三期：監管公告或原始研究,同一試驗新資料截點、成熟OS、安全性或監管範圍更新,ADC-20261007-R1,original_R1_record_preserved,,,,,,,,,,,,,,,,,,,,,,,,
EV302_PFS_CTRL,臨床證據,EV-302/KEYNOTE-A39／EV+pembrolizumab,BICR中位PFS：對照組,6.3,,月,未接受晚期全身治療之局部晚期/轉移性尿路上皮癌,gemcitabine+cisplatin/carboplatin,"[""C07""]",,隨機三期：監管公告或原始研究,同一試驗新資料截點、成熟OS、安全性或監管範圍更新,ADC-20261007-R1,original_R1_record_preserved,,,,,,,,,,,,,,,,,,,,,,,,
EV302_PFS_HR,臨床證據,EV-302/KEYNOTE-A39／EV+pembrolizumab,BICR中位PFS風險比,0.45,試驗組相對本試驗對照；不是單純機率差。,HR,未接受晚期全身治療之局部晚期/轉移性尿路上皮癌,gemcitabine+cisplatin/carboplatin,"[""C07""]",,隨機三期：監管公告或原始研究,同一試驗新資料截點、成熟OS、安全性或監管範圍更新,ADC-20261007-R1,original_R1_record_preserved,,,,,,,,,,,,,,,,,,,,,,,,
EV302_PFS_HR_CI_LOW,臨床證據,EV-302/KEYNOTE-A39／EV+pembrolizumab,BICR中位PFS HR 95%信賴區間下限,0.38,,HR,未接受晚期全身治療之局部晚期/轉移性尿路上皮癌,gemcitabine+cisplatin/carboplatin,"[""C07""]",,隨機三期：監管公告或原始研究,同一試驗新資料截點、成熟OS、安全性或監管範圍更新,ADC-20261007-R1,original_R1_record_preserved,,,,,,,,,,,,,,,,,,,,,,,,
EV302_PFS_HR_CI_HIGH,臨床證據,EV-302/KEYNOTE-A39／EV+pembrolizumab,BICR中位PFS HR 95%信賴區間上限,0.54,,HR,未接受晚期全身治療之局部晚期/轉移性尿路上皮癌,gemcitabine+cisplatin/carboplatin,"[""C07""]",,隨機三期：監管公告或原始研究,同一試驗新資料截點、成熟OS、安全性或監管範圍更新,ADC-20261007-R1,original_R1_record_preserved,,,,,,,,,,,,,,,,,,,,,,,,
EV302_PFS_P,臨床證據,EV-302/KEYNOTE-A39／EV+pembrolizumab,BICR中位PFS P值,,<0.0001,P,未接受晚期全身治療之局部晚期/轉移性尿路上皮癌,gemcitabine+cisplatin/carboplatin,"[""C07""]",,隨機三期：監管公告或原始研究,同一試驗新資料截點、成熟OS、安全性或監管範圍更新,ADC-20261007-R1,original_R1_record_preserved,,,,,,,,,,,,,,,,,,,,,,,,
EV302_REGULATORY,臨床狀態,EV-302/KEYNOTE-A39／EV+pembrolizumab,監管或開發狀態（文字日期保留）,,2023-12-15 FDA傳統核准,,未接受晚期全身治療之局部晚期/轉移性尿路上皮癌,gemcitabine+cisplatin/carboplatin,"[""C07""]",,隨機三期：監管公告或原始研究,同一試驗新資料截點、成熟OS、安全性或監管範圍更新,ADC-20261007-R1,original_R1_record_preserved,,,,,,,,,,,,,,,,,,,,,,,,
EV302_LIMITATION,臨床證據,EV-302/KEYNOTE-A39／EV+pembrolizumab,解讀範圍,,明確標核准分析，非2026最新追蹤數字；不是EV單藥對照，效果歸於整體併用策略,,未接受晚期全身治療之局部晚期/轉移性尿路上皮癌,gemcitabine+cisplatin/carboplatin,"[""C07""]",,隨機三期：監管公告或原始研究,同一試驗新資料截點、成熟OS、安全性或監管範圍更新,ADC-20261007-R1,original_R1_record_preserved,,,,,,,,,,,,,,,,,,,,,,,,
EV304_N_ALL,臨床證據,KEYNOTE-B15/EV-304／圍手術期EV+pembrolizumab,全試驗隨機分派人數,808,,人,可接受cisplatin且適合膀胱切除的未治療MIBC,gemcitabine+cisplatin新輔助後手術,"[""C08""]",,隨機三期：監管公告或原始研究,同一試驗新資料截點、成熟OS、安全性或監管範圍更新,ADC-20261007-R1,original_R1_record_preserved,,,,,,,,,,,,,,,,,,,,,,,,
EV304_EFS_EXP,臨床證據,KEYNOTE-B15/EV-304／圍手術期EV+pembrolizumab,中位EFS：試驗組,,未達,月,可接受cisplatin且適合膀胱切除的未治療MIBC,gemcitabine+cisplatin新輔助後手術,"[""C08""]",,隨機三期：監管公告或原始研究,同一試驗新資料截點、成熟OS、安全性或監管範圍更新,ADC-20261007-R1,original_R1_record_preserved,,,,,,,,,,,,,,,,,,,,,,,,
EV304_EFS_CTRL,臨床證據,KEYNOTE-B15/EV-304／圍手術期EV+pembrolizumab,中位EFS：對照組,48.5,,月,可接受cisplatin且適合膀胱切除的未治療MIBC,gemcitabine+cisplatin新輔助後手術,"[""C08""]",,隨機三期：監管公告或原始研究,同一試驗新資料截點、成熟OS、安全性或監管範圍更新,ADC-20261007-R1,original_R1_record_preserved,,,,,,,,,,,,,,,,,,,,,,,,
EV304_EFS_HR,臨床證據,KEYNOTE-B15/EV-304／圍手術期EV+pembrolizumab,中位EFS風險比,0.53,試驗組相對本試驗對照；不是單純機率差。,HR,可接受cisplatin且適合膀胱切除的未治療MIBC,gemcitabine+cisplatin新輔助後手術,"[""C08""]",,隨機三期：監管公告或原始研究,同一試驗新資料截點、成熟OS、安全性或監管範圍更新,ADC-20261007-R1,original_R1_record_preserved,,,,,,,,,,,,,,,,,,,,,,,,
EV304_EFS_HR_CI_LOW,臨床證據,KEYNOTE-B15/EV-304／圍手術期EV+pembrolizumab,中位EFS HR 95%信賴區間下限,0.41,,HR,可接受cisplatin且適合膀胱切除的未治療MIBC,gemcitabine+cisplatin新輔助後手術,"[""C08""]",,隨機三期：監管公告或原始研究,同一試驗新資料截點、成熟OS、安全性或監管範圍更新,ADC-20261007-R1,original_R1_record_preserved,,,,,,,,,,,,,,,,,,,,,,,,
EV304_EFS_HR_CI_HIGH,臨床證據,KEYNOTE-B15/EV-304／圍手術期EV+pembrolizumab,中位EFS HR 95%信賴區間上限,0.7,,HR,可接受cisplatin且適合膀胱切除的未治療MIBC,gemcitabine+cisplatin新輔助後手術,"[""C08""]",,隨機三期：監管公告或原始研究,同一試驗新資料截點、成熟OS、安全性或監管範圍更新,ADC-20261007-R1,original_R1_record_preserved,,,,,,,,,,,,,,,,,,,,,,,,
EV304_EFS_P,臨床證據,KEYNOTE-B15/EV-304／圍手術期EV+pembrolizumab,中位EFS P值,,<0.0001,P,可接受cisplatin且適合膀胱切除的未治療MIBC,gemcitabine+cisplatin新輔助後手術,"[""C08""]",,隨機三期：監管公告或原始研究,同一試驗新資料截點、成熟OS、安全性或監管範圍更新,ADC-20261007-R1,original_R1_record_preserved,,,,,,,,,,,,,,,,,,,,,,,,
EV304_OS_EXP,臨床證據,KEYNOTE-B15/EV-304／圍手術期EV+pembrolizumab,中位OS：試驗組,,未達,月,可接受cisplatin且適合膀胱切除的未治療MIBC,gemcitabine+cisplatin新輔助後手術,"[""C08""]",,隨機三期：監管公告或原始研究,同一試驗新資料截點、成熟OS、安全性或監管範圍更新,ADC-20261007-R1,original_R1_record_preserved,,,,,,,,,,,,,,,,,,,,,,,,
EV304_OS_CTRL,臨床證據,KEYNOTE-B15/EV-304／圍手術期EV+pembrolizumab,中位OS：對照組,,未達,月,可接受cisplatin且適合膀胱切除的未治療MIBC,gemcitabine+cisplatin新輔助後手術,"[""C08""]",,隨機三期：監管公告或原始研究,同一試驗新資料截點、成熟OS、安全性或監管範圍更新,ADC-20261007-R1,original_R1_record_preserved,,,,,,,,,,,,,,,,,,,,,,,,
EV304_OS_HR,臨床證據,KEYNOTE-B15/EV-304／圍手術期EV+pembrolizumab,中位OS風險比,0.65,試驗組相對本試驗對照；不是單純機率差。,HR,可接受cisplatin且適合膀胱切除的未治療MIBC,gemcitabine+cisplatin新輔助後手術,"[""C08""]",,隨機三期：監管公告或原始研究,同一試驗新資料截點、成熟OS、安全性或監管範圍更新,ADC-20261007-R1,original_R1_record_preserved,,,,,,,,,,,,,,,,,,,,,,,,
EV304_OS_HR_CI_LOW,臨床證據,KEYNOTE-B15/EV-304／圍手術期EV+pembrolizumab,中位OS HR 95%信賴區間下限,0.48,,HR,可接受cisplatin且適合膀胱切除的未治療MIBC,gemcitabine+cisplatin新輔助後手術,"[""C08""]",,隨機三期：監管公告或原始研究,同一試驗新資料截點、成熟OS、安全性或監管範圍更新,ADC-20261007-R1,original_R1_record_preserved,,,,,,,,,,,,,,,,,,,,,,,,
EV304_OS_HR_CI_HIGH,臨床證據,KEYNOTE-B15/EV-304／圍手術期EV+pembrolizumab,中位OS HR 95%信賴區間上限,0.89,,HR,可接受cisplatin且適合膀胱切除的未治療MIBC,gemcitabine+cisplatin新輔助後手術,"[""C08""]",,隨機三期：監管公告或原始研究,同一試驗新資料截點、成熟OS、安全性或監管範圍更新,ADC-20261007-R1,original_R1_record_preserved,,,,,,,,,,,,,,,,,,,,,,,,
EV304_OS_P,臨床證據,KEYNOTE-B15/EV-304／圍手術期EV+pembrolizumab,中位OS P值,,0.0029,P,可接受cisplatin且適合膀胱切除的未治療MIBC,gemcitabine+cisplatin新輔助後手術,"[""C08""]",,隨機三期：監管公告或原始研究,同一試驗新資料截點、成熟OS、安全性或監管範圍更新,ADC-20261007-R1,original_R1_record_preserved,,,,,,,,,,,,,,,,,,,,,,,,
EV304_REGULATORY,臨床狀態,KEYNOTE-B15/EV-304／圍手術期EV+pembrolizumab,監管或開發狀態（文字日期保留）,,2026-07-10 FDA擴增圍手術期MIBC核准,,可接受cisplatin且適合膀胱切除的未治療MIBC,gemcitabine+cisplatin新輔助後手術,"[""C08""]",,隨機三期：監管公告或原始研究,同一試驗新資料截點、成熟OS、安全性或監管範圍更新,ADC-20261007-R1,original_R1_record_preserved,,,,,,,,,,,,,,,,,,,,,,,,
EV304_LIMITATION,臨床證據,KEYNOTE-B15/EV-304／圍手術期EV+pembrolizumab,解讀範圍,,對照為含鉑新輔助；不同於EV303手術單獨對照；比較術前+術後整體策略，不能拆成ADC單藥效果,,可接受cisplatin且適合膀胱切除的未治療MIBC,gemcitabine+cisplatin新輔助後手術,"[""C08""]",,隨機三期：監管公告或原始研究,同一試驗新資料截點、成熟OS、安全性或監管範圍更新,ADC-20261007-R1,original_R1_record_preserved,,,,,,,,,,,,,,,,,,,,,,,,
DG04_N_ALL,臨床證據,DESTINY-Gastric04／T-DXd,全試驗隨機分派人數,494,,人,trastuzumab後進展、重新活檢仍HER2+之二線胃癌/GEJ,ramucirumab+paclitaxel,"[""C09""]",,隨機三期：監管公告或原始研究,同一試驗新資料截點、成熟OS、安全性或監管範圍更新,ADC-20261007-R1,original_R1_record_preserved,,,,,,,,,,,,,,,,,,,,,,,,
DG04_OS_EXP,臨床證據,DESTINY-Gastric04／T-DXd,中位OS：試驗組,14.7,,月,trastuzumab後進展、重新活檢仍HER2+之二線胃癌/GEJ,ramucirumab+paclitaxel,"[""C09""]",,隨機三期：監管公告或原始研究,同一試驗新資料截點、成熟OS、安全性或監管範圍更新,ADC-20261007-R1,original_R1_record_preserved,,,,,,,,,,,,,,,,,,,,,,,,
DG04_OS_CTRL,臨床證據,DESTINY-Gastric04／T-DXd,中位OS：對照組,11.4,,月,trastuzumab後進展、重新活檢仍HER2+之二線胃癌/GEJ,ramucirumab+paclitaxel,"[""C09""]",,隨機三期：監管公告或原始研究,同一試驗新資料截點、成熟OS、安全性或監管範圍更新,ADC-20261007-R1,original_R1_record_preserved,,,,,,,,,,,,,,,,,,,,,,,,
DG04_OS_HR,臨床證據,DESTINY-Gastric04／T-DXd,中位OS風險比,0.7,試驗組相對本試驗對照；不是單純機率差。,HR,trastuzumab後進展、重新活檢仍HER2+之二線胃癌/GEJ,ramucirumab+paclitaxel,"[""C09""]",,隨機三期：監管公告或原始研究,同一試驗新資料截點、成熟OS、安全性或監管範圍更新,ADC-20261007-R1,original_R1_record_preserved,,,,,,,,,,,,,,,,,,,,,,,,
DG04_OS_HR_CI_LOW,臨床證據,DESTINY-Gastric04／T-DXd,中位OS HR 95%信賴區間下限,0.55,,HR,trastuzumab後進展、重新活檢仍HER2+之二線胃癌/GEJ,ramucirumab+paclitaxel,"[""C09""]",,隨機三期：監管公告或原始研究,同一試驗新資料截點、成熟OS、安全性或監管範圍更新,ADC-20261007-R1,original_R1_record_preserved,,,,,,,,,,,,,,,,,,,,,,,,
DG04_OS_HR_CI_HIGH,臨床證據,DESTINY-Gastric04／T-DXd,中位OS HR 95%信賴區間上限,0.9,,HR,trastuzumab後進展、重新活檢仍HER2+之二線胃癌/GEJ,ramucirumab+paclitaxel,"[""C09""]",,隨機三期：監管公告或原始研究,同一試驗新資料截點、成熟OS、安全性或監管範圍更新,ADC-20261007-R1,original_R1_record_preserved,,,,,,,,,,,,,,,,,,,,,,,,
DG04_OS_P,臨床證據,DESTINY-Gastric04／T-DXd,中位OS P值,,0.004,P,trastuzumab後進展、重新活檢仍HER2+之二線胃癌/GEJ,ramucirumab+paclitaxel,"[""C09""]",,隨機三期：監管公告或原始研究,同一試驗新資料截點、成熟OS、安全性或監管範圍更新,ADC-20261007-R1,original_R1_record_preserved,,,,,,,,,,,,,,,,,,,,,,,,
DG04_TRAE_G3PLUS_EXP,臨床證據,DESTINY-Gastric04／T-DXd,grade≥3藥物相關AE：試驗組,50.0,,%,trastuzumab後進展、重新活檢仍HER2+之二線胃癌/GEJ,ramucirumab+paclitaxel,"[""C09""]",,隨機三期：監管公告或原始研究,同一試驗新資料截點、成熟OS、安全性或監管範圍更新,ADC-20261007-R1,original_R1_record_preserved,,,,,,,,,,,,,,,,,,,,,,,,
DG04_TRAE_G3PLUS_CTRL,臨床證據,DESTINY-Gastric04／T-DXd,grade≥3藥物相關AE：對照組,54.1,,%,trastuzumab後進展、重新活檢仍HER2+之二線胃癌/GEJ,ramucirumab+paclitaxel,"[""C09""]",,隨機三期：監管公告或原始研究,同一試驗新資料截點、成熟OS、安全性或監管範圍更新,ADC-20261007-R1,original_R1_record_preserved,,,,,,,,,,,,,,,,,,,,,,,,
DG04_ILD_EXP,臨床證據,DESTINY-Gastric04／T-DXd,獨立裁定藥物相關ILD/pneumonitis：試驗組,13.9,,%,trastuzumab後進展、重新活檢仍HER2+之二線胃癌/GEJ,ramucirumab+paclitaxel,"[""C09""]",,隨機三期：監管公告或原始研究,同一試驗新資料截點、成熟OS、安全性或監管範圍更新,ADC-20261007-R1,original_R1_record_preserved,,,,,,,,,,,,,,,,,,,,,,,,
DG04_ILD_CTRL,臨床證據,DESTINY-Gastric04／T-DXd,獨立裁定藥物相關ILD/pneumonitis：對照組,1.3,,%,trastuzumab後進展、重新活檢仍HER2+之二線胃癌/GEJ,ramucirumab+paclitaxel,"[""C09""]",,隨機三期：監管公告或原始研究,同一試驗新資料截點、成熟OS、安全性或監管範圍更新,ADC-20261007-R1,original_R1_record_preserved,,,,,,,,,,,,,,,,,,,,,,,,
DG04_REGULATORY,臨床狀態,DESTINY-Gastric04／T-DXd,監管或開發狀態（文字日期保留）,,此列為三期證據，不另推定各市場新核准,,trastuzumab後進展、重新活檢仍HER2+之二線胃癌/GEJ,ramucirumab+paclitaxel,"[""C09""]",,隨機三期：監管公告或原始研究,同一試驗新資料截點、成熟OS、安全性或監管範圍更新,ADC-20261007-R1,original_R1_record_preserved,,,,,,,,,,,,,,,,,,,,,,,,
DG04_LIMITATION,臨床證據,DESTINY-Gastric04／T-DXd,解讀範圍,,靶點須在進展後重確認；不能將首診活檢永遠當有效靶點；不是T-DXd失敗後試驗；T-DXd ILD33例grade1/2、1例grade3；對照1例grade5，不錯配,,trastuzumab後進展、重新活檢仍HER2+之二線胃癌/GEJ,ramucirumab+paclitaxel,"[""C09""]",,隨機三期：監管公告或原始研究,同一試驗新資料截點、成熟OS、安全性或監管範圍更新,ADC-20261007-R1,original_R1_record_preserved,,,,,,,,,,,,,,,,,,,,,,,,
IZA_NPC_N_ALL,臨床證據,PANKU-NPC01/BL-B01D1-303／Iza-bren,全試驗隨機分派人數,386,,人,中國55院R/M NPC，至少2線化療含鉑與PD-(L)1後,醫師選擇化療,"[""C10""]",,隨機三期：原始論文公開摘要,同一試驗新資料截點、成熟OS、安全性或監管範圍更新,ADC-20261007-R1,original_R1_record_preserved,,,,,,,,,,,,,,,,,,,,,,,,
IZA_NPC_ORR_EXP,臨床證據,PANKU-NPC01/BL-B01D1-303／Iza-bren,中央ORR：試驗組,54.6,,%,中國55院R/M NPC，至少2線化療含鉑與PD-(L)1後,醫師選擇化療,"[""C10""]",,隨機三期：原始論文公開摘要,同一試驗新資料截點、成熟OS、安全性或監管範圍更新,ADC-20261007-R1,original_R1_record_preserved,,,,,,,,,,,,,,,,,,,,,,,,
IZA_NPC_ORR_CTRL,臨床證據,PANKU-NPC01/BL-B01D1-303／Iza-bren,中央ORR：對照組,27.0,,%,中國55院R/M NPC，至少2線化療含鉑與PD-(L)1後,醫師選擇化療,"[""C10""]",,隨機三期：原始論文公開摘要,同一試驗新資料截點、成熟OS、安全性或監管範圍更新,ADC-20261007-R1,original_R1_record_preserved,,,,,,,,,,,,,,,,,,,,,,,,
IZA_NPC_ORR_P,臨床證據,PANKU-NPC01/BL-B01D1-303／Iza-bren,中央ORR P值,,<0.0001,P,中國55院R/M NPC，至少2線化療含鉑與PD-(L)1後,醫師選擇化療,"[""C10""]",,隨機三期：原始論文公開摘要,同一試驗新資料截點、成熟OS、安全性或監管範圍更新,ADC-20261007-R1,original_R1_record_preserved,,,,,,,,,,,,,,,,,,,,,,,,
IZA_NPC_TRAE_G3PLUS_EXP,臨床證據,PANKU-NPC01/BL-B01D1-303／Iza-bren,grade≥3 TRAE：試驗組,80,,%,中國55院R/M NPC，至少2線化療含鉑與PD-(L)1後,醫師選擇化療,"[""C10""]",,隨機三期：原始論文公開摘要,同一試驗新資料截點、成熟OS、安全性或監管範圍更新,ADC-20261007-R1,original_R1_record_preserved,,,,,,,,,,,,,,,,,,,,,,,,
IZA_NPC_TRAE_G3PLUS_CTRL,臨床證據,PANKU-NPC01/BL-B01D1-303／Iza-bren,grade≥3 TRAE：對照組,62,,%,中國55院R/M NPC，至少2線化療含鉑與PD-(L)1後,醫師選擇化療,"[""C10""]",,隨機三期：原始論文公開摘要,同一試驗新資料截點、成熟OS、安全性或監管範圍更新,ADC-20261007-R1,original_R1_record_preserved,,,,,,,,,,,,,,,,,,,,,,,,
IZA_NPC_LIMITATION,臨床證據,PANKU-NPC01/BL-B01D1-303／Iza-bren,解讀範圍,,首次期中OS未成熟；化療而非單靶ADC對照；不能分離雙靶結構貢獻；原文差異27.9%與54.6−27.0不一致；不自行重算或解釋模型，主文不用該差值；本資料未核NMPA最終上市狀態,,中國55院R/M NPC，至少2線化療含鉑與PD-(L)1後,醫師選擇化療,"[""C10""]",,隨機三期：原始論文公開摘要,同一試驗新資料截點、成熟OS、安全性或監管範圍更新,ADC-20261007-R1,original_R1_record_preserved,,,,,,,,,,,,,,,,,,,,,,,,
IZA_NPC_OS_MATURITY,臨床證據,PANKU-NPC01/BL-B01D1-303／Iza-bren,OS成熟度,,所引用分析時OS尚未成熟；不填入未披露中位數或HR。,,中國55院R/M NPC，至少2線化療含鉑與PD-(L)1後,醫師選擇化療,"[""C10""]",,隨機三期：原始論文公開摘要,同一試驗新資料截點、成熟OS、安全性或監管範圍更新,ADC-20261007-R1,original_R1_record_preserved,,,,,,,,,,,,,,,,,,,,,,,,
IZA_TNBC_N_ALL,臨床證據,PANKU-Breast02/BL-B01D1-307／Iza-bren,全試驗隨機分派人數,418,,人,中國TNBC晚期1–2線全身治療且taxane後,eribulin/capecitabine/gemcitabine/vinorelbine,"[""C11"", ""C17""]",,隨機三期：公司原始試驗公告,同一試驗新資料截點、成熟OS、安全性或監管範圍更新,ADC-20261007-R1,original_R1_record_preserved,,,,,,,,,,,,,,,,,,,,,,,,
IZA_TNBC_OS_EXP,臨床證據,PANKU-Breast02/BL-B01D1-307／Iza-bren,中位OS：試驗組,15.9,,月,中國TNBC晚期1–2線全身治療且taxane後,eribulin/capecitabine/gemcitabine/vinorelbine,"[""C11"", ""C17""]",,隨機三期：公司原始試驗公告,同一試驗新資料截點、成熟OS、安全性或監管範圍更新,ADC-20261007-R1,original_R1_record_preserved,,,,,,,,,,,,,,,,,,,,,,,,
IZA_TNBC_OS_CTRL,臨床證據,PANKU-Breast02/BL-B01D1-307／Iza-bren,中位OS：對照組,12.5,,月,中國TNBC晚期1–2線全身治療且taxane後,eribulin/capecitabine/gemcitabine/vinorelbine,"[""C11"", ""C17""]",,隨機三期：公司原始試驗公告,同一試驗新資料截點、成熟OS、安全性或監管範圍更新,ADC-20261007-R1,original_R1_record_preserved,,,,,,,,,,,,,,,,,,,,,,,,
IZA_TNBC_OS_HR,臨床證據,PANKU-Breast02/BL-B01D1-307／Iza-bren,中位OS風險比,0.6,試驗組相對本試驗對照；不是單純機率差。,HR,中國TNBC晚期1–2線全身治療且taxane後,eribulin/capecitabine/gemcitabine/vinorelbine,"[""C11"", ""C17""]",,隨機三期：公司原始試驗公告,同一試驗新資料截點、成熟OS、安全性或監管範圍更新,ADC-20261007-R1,original_R1_record_preserved,,,,,,,,,,,,,,,,,,,,,,,,
IZA_TNBC_OS_HR_CI_LOW,臨床證據,PANKU-Breast02/BL-B01D1-307／Iza-bren,中位OS HR 95%信賴區間下限,0.42,,HR,中國TNBC晚期1–2線全身治療且taxane後,eribulin/capecitabine/gemcitabine/vinorelbine,"[""C11"", ""C17""]",,隨機三期：公司原始試驗公告,同一試驗新資料截點、成熟OS、安全性或監管範圍更新,ADC-20261007-R1,original_R1_record_preserved,,,,,,,,,,,,,,,,,,,,,,,,
IZA_TNBC_OS_HR_CI_HIGH,臨床證據,PANKU-Breast02/BL-B01D1-307／Iza-bren,中位OS HR 95%信賴區間上限,0.85,,HR,中國TNBC晚期1–2線全身治療且taxane後,eribulin/capecitabine/gemcitabine/vinorelbine,"[""C11"", ""C17""]",,隨機三期：公司原始試驗公告,同一試驗新資料截點、成熟OS、安全性或監管範圍更新,ADC-20261007-R1,original_R1_record_preserved,,,,,,,,,,,,,,,,,,,,,,,,
IZA_TNBC_OS_P,臨床證據,PANKU-Breast02/BL-B01D1-307／Iza-bren,中位OS P值,,0.0019,P,中國TNBC晚期1–2線全身治療且taxane後,eribulin/capecitabine/gemcitabine/vinorelbine,"[""C11"", ""C17""]",,隨機三期：公司原始試驗公告,同一試驗新資料截點、成熟OS、安全性或監管範圍更新,ADC-20261007-R1,original_R1_record_preserved,,,,,,,,,,,,,,,,,,,,,,,,
IZA_TNBC_PFS_EXP,臨床證據,PANKU-Breast02/BL-B01D1-307／Iza-bren,BICR中位PFS：試驗組,8.5,,月,中國TNBC晚期1–2線全身治療且taxane後,eribulin/capecitabine/gemcitabine/vinorelbine,"[""C11"", ""C17""]",,隨機三期：公司原始試驗公告,同一試驗新資料截點、成熟OS、安全性或監管範圍更新,ADC-20261007-R1,original_R1_record_preserved,,,,,,,,,,,,,,,,,,,,,,,,
IZA_TNBC_PFS_CTRL,臨床證據,PANKU-Breast02/BL-B01D1-307／Iza-bren,BICR中位PFS：對照組,3.1,,月,中國TNBC晚期1–2線全身治療且taxane後,eribulin/capecitabine/gemcitabine/vinorelbine,"[""C11"", ""C17""]",,隨機三期：公司原始試驗公告,同一試驗新資料截點、成熟OS、安全性或監管範圍更新,ADC-20261007-R1,original_R1_record_preserved,,,,,,,,,,,,,,,,,,,,,,,,
IZA_TNBC_PFS_HR,臨床證據,PANKU-Breast02/BL-B01D1-307／Iza-bren,BICR中位PFS風險比,0.29,試驗組相對本試驗對照；不是單純機率差。,HR,中國TNBC晚期1–2線全身治療且taxane後,eribulin/capecitabine/gemcitabine/vinorelbine,"[""C11"", ""C17""]",,隨機三期：公司原始試驗公告,同一試驗新資料截點、成熟OS、安全性或監管範圍更新,ADC-20261007-R1,original_R1_record_preserved,,,,,,,,,,,,,,,,,,,,,,,,
IZA_TNBC_PFS_HR_CI_LOW,臨床證據,PANKU-Breast02/BL-B01D1-307／Iza-bren,BICR中位PFS HR 95%信賴區間下限,0.22,,HR,中國TNBC晚期1–2線全身治療且taxane後,eribulin/capecitabine/gemcitabine/vinorelbine,"[""C11"", ""C17""]",,隨機三期：公司原始試驗公告,同一試驗新資料截點、成熟OS、安全性或監管範圍更新,ADC-20261007-R1,original_R1_record_preserved,,,,,,,,,,,,,,,,,,,,,,,,
IZA_TNBC_PFS_HR_CI_HIGH,臨床證據,PANKU-Breast02/BL-B01D1-307／Iza-bren,BICR中位PFS HR 95%信賴區間上限,0.38,,HR,中國TNBC晚期1–2線全身治療且taxane後,eribulin/capecitabine/gemcitabine/vinorelbine,"[""C11"", ""C17""]",,隨機三期：公司原始試驗公告,同一試驗新資料截點、成熟OS、安全性或監管範圍更新,ADC-20261007-R1,original_R1_record_preserved,,,,,,,,,,,,,,,,,,,,,,,,
IZA_TNBC_PFS_P,臨床證據,PANKU-Breast02/BL-B01D1-307／Iza-bren,BICR中位PFS P值,,<0.0001,P,中國TNBC晚期1–2線全身治療且taxane後,eribulin/capecitabine/gemcitabine/vinorelbine,"[""C11"", ""C17""]",,隨機三期：公司原始試驗公告,同一試驗新資料截點、成熟OS、安全性或監管範圍更新,ADC-20261007-R1,original_R1_record_preserved,,,,,,,,,,,,,,,,,,,,,,,,
IZA_TNBC_LIMITATION,臨床證據,PANKU-Breast02/BL-B01D1-307／Iza-bren,解讀範圍,,2026-06-02公司公告，median follow-up11月；未宣稱期刊全文；排除prior TOPI ADC，因此陽性結果不證明Topo-I ADC失敗後有效；非ADC頭對頭且中國人群；本資料未核最終上市狀態,,中國TNBC晚期1–2線全身治療且taxane後,eribulin/capecitabine/gemcitabine/vinorelbine,"[""C11"", ""C17""]",,隨機三期：公司原始試驗公告,同一試驗新資料截點、成熟OS、安全性或監管範圍更新,ADC-20261007-R1,original_R1_record_preserved,,,,,,,,,,,,,,,,,,,,,,,,
IZA_ESCC_N_ALL,臨床證據,PANKU-Esophagus01/BL-B01D1-305／Iza-bren,全試驗隨機分派人數,497,,人,中國PD-(L)1+含鉑第一線後R/M ESCC,醫師選擇化療,"[""C11""]",,隨機三期：公司原始試驗公告,同一試驗新資料截點、成熟OS、安全性或監管範圍更新,ADC-20261007-R1,original_R1_record_preserved,,,,,,,,,,,,,,,,,,,,,,,,
IZA_ESCC_OS_EXP,臨床證據,PANKU-Esophagus01/BL-B01D1-305／Iza-bren,中位OS：試驗組,9.8,,月,中國PD-(L)1+含鉑第一線後R/M ESCC,醫師選擇化療,"[""C11""]",,隨機三期：公司原始試驗公告,同一試驗新資料截點、成熟OS、安全性或監管範圍更新,ADC-20261007-R1,original_R1_record_preserved,,,,,,,,,,,,,,,,,,,,,,,,
IZA_ESCC_OS_CTRL,臨床證據,PANKU-Esophagus01/BL-B01D1-305／Iza-bren,中位OS：對照組,7.2,,月,中國PD-(L)1+含鉑第一線後R/M ESCC,醫師選擇化療,"[""C11""]",,隨機三期：公司原始試驗公告,同一試驗新資料截點、成熟OS、安全性或監管範圍更新,ADC-20261007-R1,original_R1_record_preserved,,,,,,,,,,,,,,,,,,,,,,,,
IZA_ESCC_OS_HR,臨床證據,PANKU-Esophagus01/BL-B01D1-305／Iza-bren,中位OS風險比,0.64,試驗組相對本試驗對照；不是單純機率差。,HR,中國PD-(L)1+含鉑第一線後R/M ESCC,醫師選擇化療,"[""C11""]",,隨機三期：公司原始試驗公告,同一試驗新資料截點、成熟OS、安全性或監管範圍更新,ADC-20261007-R1,original_R1_record_preserved,,,,,,,,,,,,,,,,,,,,,,,,
IZA_ESCC_OS_HR_CI_LOW,臨床證據,PANKU-Esophagus01/BL-B01D1-305／Iza-bren,中位OS HR 95%信賴區間下限,0.49,,HR,中國PD-(L)1+含鉑第一線後R/M ESCC,醫師選擇化療,"[""C11""]",,隨機三期：公司原始試驗公告,同一試驗新資料截點、成熟OS、安全性或監管範圍更新,ADC-20261007-R1,original_R1_record_preserved,,,,,,,,,,,,,,,,,,,,,,,,
IZA_ESCC_OS_HR_CI_HIGH,臨床證據,PANKU-Esophagus01/BL-B01D1-305／Iza-bren,中位OS HR 95%信賴區間上限,0.83,,HR,中國PD-(L)1+含鉑第一線後R/M ESCC,醫師選擇化療,"[""C11""]",,隨機三期：公司原始試驗公告,同一試驗新資料截點、成熟OS、安全性或監管範圍更新,ADC-20261007-R1,original_R1_record_preserved,,,,,,,,,,,,,,,,,,,,,,,,
IZA_ESCC_OS_P,臨床證據,PANKU-Esophagus01/BL-B01D1-305／Iza-bren,中位OS P值,,0.0004,P,中國PD-(L)1+含鉑第一線後R/M ESCC,醫師選擇化療,"[""C11""]",,隨機三期：公司原始試驗公告,同一試驗新資料截點、成熟OS、安全性或監管範圍更新,ADC-20261007-R1,original_R1_record_preserved,,,,,,,,,,,,,,,,,,,,,,,,
IZA_ESCC_PFS_EXP,臨床證據,PANKU-Esophagus01/BL-B01D1-305／Iza-bren,BICR中位PFS：試驗組,4.2,,月,中國PD-(L)1+含鉑第一線後R/M ESCC,醫師選擇化療,"[""C11""]",,隨機三期：公司原始試驗公告,同一試驗新資料截點、成熟OS、安全性或監管範圍更新,ADC-20261007-R1,original_R1_record_preserved,,,,,,,,,,,,,,,,,,,,,,,,
IZA_ESCC_PFS_CTRL,臨床證據,PANKU-Esophagus01/BL-B01D1-305／Iza-bren,BICR中位PFS：對照組,2.0,,月,中國PD-(L)1+含鉑第一線後R/M ESCC,醫師選擇化療,"[""C11""]",,隨機三期：公司原始試驗公告,同一試驗新資料截點、成熟OS、安全性或監管範圍更新,ADC-20261007-R1,original_R1_record_preserved,,,,,,,,,,,,,,,,,,,,,,,,
IZA_ESCC_PFS_HR,臨床證據,PANKU-Esophagus01/BL-B01D1-305／Iza-bren,BICR中位PFS風險比,0.5,試驗組相對本試驗對照；不是單純機率差。,HR,中國PD-(L)1+含鉑第一線後R/M ESCC,醫師選擇化療,"[""C11""]",,隨機三期：公司原始試驗公告,同一試驗新資料截點、成熟OS、安全性或監管範圍更新,ADC-20261007-R1,original_R1_record_preserved,,,,,,,,,,,,,,,,,,,,,,,,
IZA_ESCC_PFS_HR_CI_LOW,臨床證據,PANKU-Esophagus01/BL-B01D1-305／Iza-bren,BICR中位PFS HR 95%信賴區間下限,0.4,,HR,中國PD-(L)1+含鉑第一線後R/M ESCC,醫師選擇化療,"[""C11""]",,隨機三期：公司原始試驗公告,同一試驗新資料截點、成熟OS、安全性或監管範圍更新,ADC-20261007-R1,original_R1_record_preserved,,,,,,,,,,,,,,,,,,,,,,,,
IZA_ESCC_PFS_HR_CI_HIGH,臨床證據,PANKU-Esophagus01/BL-B01D1-305／Iza-bren,BICR中位PFS HR 95%信賴區間上限,0.63,,HR,中國PD-(L)1+含鉑第一線後R/M ESCC,醫師選擇化療,"[""C11""]",,隨機三期：公司原始試驗公告,同一試驗新資料截點、成熟OS、安全性或監管範圍更新,ADC-20261007-R1,original_R1_record_preserved,,,,,,,,,,,,,,,,,,,,,,,,
IZA_ESCC_PFS_P,臨床證據,PANKU-Esophagus01/BL-B01D1-305／Iza-bren,BICR中位PFS P值,,<0.0001,P,中國PD-(L)1+含鉑第一線後R/M ESCC,醫師選擇化療,"[""C11""]",,隨機三期：公司原始試驗公告,同一試驗新資料截點、成熟OS、安全性或監管範圍更新,ADC-20261007-R1,original_R1_record_preserved,,,,,,,,,,,,,,,,,,,,,,,,
IZA_ESCC_REGULATORY,臨床狀態,PANKU-Esophagus01/BL-B01D1-305／Iza-bren,監管或開發狀態（文字日期保留）,,2026-06-02公司稱CDE受理ESCC並優先審查；以後狀態此資料未核,,中國PD-(L)1+含鉑第一線後R/M ESCC,醫師選擇化療,"[""C11""]",,隨機三期：公司原始試驗公告,同一試驗新資料截點、成熟OS、安全性或監管範圍更新,ADC-20261007-R1,original_R1_record_preserved,,,,,,,,,,,,,,,,,,,,,,,,
IZA_ESCC_LIMITATION,臨床證據,PANKU-Esophagus01/BL-B01D1-305／Iza-bren,解讀範圍,,非ADC對照；公告安全性寫Grade >3 TRAE 85.1%/60.2%，與一般≥3口徑不同；未核原始abstract前主文勿用這比例；安全性論述可改引用NPC Lancet已核grade≥3,,中國PD-(L)1+含鉑第一線後R/M ESCC,醫師選擇化療,"[""C11""]",,隨機三期：公司原始試驗公告,同一試驗新資料截點、成熟OS、安全性或監管範圍更新,ADC-20261007-R1,original_R1_record_preserved,,,,,,,,,,,,,,,,,,,,,,,,
HDP101_N_ANALYSIS,臨床證據,HDP-101-01／HDP-101/pamlectabart tismanitin,一期已給藥安全群,53,ORR可評估分母另列，不是53。,人,RRMM，median既往5線；phaseI53人,無同步對照,"[""C12""]",2026-09-03,一期研究者會議海報,同一試驗新資料截點、成熟OS、安全性或監管範圍更新,ADC-20261007-R1,original_R1_record_preserved,,,,,,,,,,,,,,,,,,,,,,,,
HDP101_RP2D_EXP,臨床證據,HDP-101-01／HDP-101/pamlectabart tismanitin,RP2D：試驗組,175,,µg/kg,RRMM，median既往5線；phaseI53人,無同步對照,"[""C12""]",2026-09-03,一期研究者會議海報,同一試驗新資料截點、成熟OS、安全性或監管範圍更新,ADC-20261007-R1,original_R1_record_preserved,,,,,,,,,,,,,,,,,,,,,,,,
HDP101_ORR_EXP,臨床證據,HDP-101-01／HDP-101/pamlectabart tismanitin,cohorts5–9 ORR：試驗組,41.935483870967744,由13/31重算；cohorts 5–9可評估分母，非全體53人。,%,RRMM，median既往5線；phaseI53人,無同步對照,"[""C12""]",2026-09-03,一期研究者會議海報,同一試驗新資料截點、成熟OS、安全性或監管範圍更新,ADC-20261007-R1,original_R1_record_preserved,,,,,,,,,,,,,,,,,,,,,,,,
HDP101_REGULATORY,臨床狀態,HDP-101-01／HDP-101/pamlectabart tismanitin,監管或開發狀態（文字日期保留）,,未核准；phase2a擴增已開始,,RRMM，median既往5線；phaseI53人,無同步對照,"[""C12""]",2026-09-03,一期研究者會議海報,同一試驗新資料截點、成熟OS、安全性或監管範圍更新,ADC-20261007-R1,original_R1_record_preserved,,,,,,,,,,,,,,,,,,,,,,,,
HDP101_LIMITATION,臨床證據,HDP-101-01／HDP-101/pamlectabart tismanitin,解讀範圍,,新payload臨床可行性訊號，不代表優於BCMA標準；不能外推固態瘤Topo-I ADC接續；53人為一期已給藥安全群；ORR分母不是53；首劑分次+預防給藥控制血小板/肝指數風險；主文只需phase I和RP2D，ORR保留資料表,,RRMM，median既往5線；phaseI53人,無同步對照,"[""C12""]",2026-09-03,一期研究者會議海報,同一試驗新資料截點、成熟OS、安全性或監管範圍更新,ADC-20261007-R1,original_R1_record_preserved,,,,,,,,,,,,,,,,,,,,,,,,
HDP101_ORR_NUM,臨床證據,HDP-101-01／HDP-101/pamlectabart tismanitin,cohorts 5–9反應人數,13,ORR分子；與全體53人安全群分開。,人,RRMM；cohorts 5–9的可評估患者,無同步對照,"[""C12""]",2026-09-03,一期研究者會議海報,同一試驗新資料截點、成熟OS、安全性或監管範圍更新,ADC-20261007-R1,original_R1_record_preserved,,,,,,,,,,,,,,,,,,,,,,,,
HDP101_ORR_DEN,臨床證據,HDP-101-01／HDP-101/pamlectabart tismanitin,cohorts 5–9可評估人數,31,ORR分母；不是全體53人。,人,RRMM；cohorts 5–9的可評估患者,無同步對照,"[""C12""]",2026-09-03,一期研究者會議海報,同一試驗新資料截點、成熟OS、安全性或監管範圍更新,ADC-20261007-R1,original_R1_record_preserved,,,,,,,,,,,,,,,,,,,,,,,,
ID_LUNG01_N_ANALYSIS,臨床證據,IDeate-Lung01／Ifinatamab deruxtecan,分析人數,137,,人,含鉑後ES-SCLC，最多3線；12mg/kg分析137人,8/12mg/kg劑量優化後單臂12mg/kg擴增,"[""C14""]",2025-03-03,早期或非對照臨床資料,同一試驗新資料截點、成熟OS、安全性或監管範圍更新,ADC-20261007-R1,original_R1_record_preserved,,,,,,,,,,,,,,,,,,,,,,,,
ID_LUNG01_ORR_EXP,臨床證據,IDeate-Lung01／Ifinatamab deruxtecan,BICR ORR：試驗組,48.2,,%,含鉑後ES-SCLC，最多3線；12mg/kg分析137人,8/12mg/kg劑量優化後單臂12mg/kg擴增,"[""C14""]",2025-03-03,早期或非對照臨床資料,同一試驗新資料截點、成熟OS、安全性或監管範圍更新,ADC-20261007-R1,original_R1_record_preserved,,,,,,,,,,,,,,,,,,,,,,,,
ID_LUNG01_DOR_EXP,臨床證據,IDeate-Lung01／Ifinatamab deruxtecan,中位DOR：試驗組,5.3,,月,含鉑後ES-SCLC，最多3線；12mg/kg分析137人,8/12mg/kg劑量優化後單臂12mg/kg擴增,"[""C14""]",2025-03-03,早期或非對照臨床資料,同一試驗新資料截點、成熟OS、安全性或監管範圍更新,ADC-20261007-R1,original_R1_record_preserved,,,,,,,,,,,,,,,,,,,,,,,,
ID_LUNG01_ILD_EXP,臨床證據,IDeate-Lung01／Ifinatamab deruxtecan,獨立裁定ILD/pneumonitis：試驗組,12.4,,%,含鉑後ES-SCLC，最多3線；12mg/kg分析137人,8/12mg/kg劑量優化後單臂12mg/kg擴增,"[""C14""]",2025-03-03,早期或非對照臨床資料,同一試驗新資料截點、成熟OS、安全性或監管範圍更新,ADC-20261007-R1,original_R1_record_preserved,,,,,,,,,,,,,,,,,,,,,,,,
ID_LUNG01_ILD_G5_EXP,臨床證據,IDeate-Lung01／Ifinatamab deruxtecan,ILD grade5：試驗組,2,分母137人；不可由此推論撤件原因。,人,含鉑後ES-SCLC，最多3線；12mg/kg分析137人,8/12mg/kg劑量優化後單臂12mg/kg擴增,"[""C14""]",2025-03-03,早期或非對照臨床資料,同一試驗新資料截點、成熟OS、安全性或監管範圍更新,ADC-20261007-R1,original_R1_record_preserved,,,,,,,,,,,,,,,,,,,,,,,,
ID_LUNG01_REGULATORY,臨床狀態,IDeate-Lung01／Ifinatamab deruxtecan,監管或開發狀態（文字日期保留）,,2026-09-25自願撤回美國加速核准申請,,含鉑後ES-SCLC，最多3線；12mg/kg分析137人,8/12mg/kg劑量優化後單臂12mg/kg擴增,"[""C13""]",2026-09-25,公司監管狀態公告,同一試驗新資料截點、成熟OS、安全性或監管範圍更新,ADC-20261007-R1,original_R1_record_preserved,,,,,,,,,,,,,,,,,,,,,,,,
ID_LUNG01_LIMITATION,臨床證據,IDeate-Lung01／Ifinatamab deruxtecan,解讀範圍,,公司表示資料未滿足該加速核准要求，未公佈更細因果；不能稱因ILD被拒；不是SOC對照，不能用ORR估相對效益；IDeateLung02仍進行，primary completion估2028-01-30；原2026-10-10 PDUFA失效,,含鉑後ES-SCLC，最多3線；12mg/kg分析137人,8/12mg/kg劑量優化後單臂12mg/kg擴增,"[""C13"", ""C14"", ""C23""]",,作者整理：試驗結果、撤件公告及後續三期登錄分開,同一試驗新資料截點、成熟OS、安全性或監管範圍更新,ADC-20261007-R1,original_R1_record_preserved,,,,,,,,,,,,,,,,,,,,,,,,
IZA_TNBC_PRIOR_ADC,臨床人群與設計,PANKU-Breast02,既往ADC入組條件,,排除既往TOP1負載ADC；不能外推該類ADC失效後。,,,,"[""C17""]",2026-07-23,官方試驗登錄,登錄納排條件改變或新增既往ADC隊列,ADC-20261007-R1,original_R1_record_preserved,,,,,,,,,,,,,,,,,,,,,,,,
TB02_PRIOR_ADC,臨床人群與設計,TROPION-Breast02,既往ADC入組條件,,排除既往TOP1治療，含此類負載ADC。,,,,"[""C18""]",2026-05-15,官方試驗登錄,登錄納排條件改變或新增既往ADC隊列,ADC-20261007-R1,original_R1_record_preserved,,,,,,,,,,,,,,,,,,,,,,,,
ASCENT03_PRIOR_ADC,臨床人群與設計,ASCENT03,既往ADC入組條件,,排除既往TOP1抑制劑及此類負載ADC。,,,,"[""C19""]",2026-04-06,官方試驗登錄,登錄納排條件改變或新增既往ADC隊列,ADC-20261007-R1,original_R1_record_preserved,,,,,,,,,,,,,,,,,,,,,,,,
ASCENT04_PRIOR_ADC,臨床人群與設計,ASCENT04,既往ADC入組條件,,排除既往TOP1抑制劑及此類負載ADC。,,,,"[""C20""]",2025-09-18,官方試驗登錄,登錄納排條件改變或新增既往ADC隊列,ADC-20261007-R1,original_R1_record_preserved,,,,,,,,,,,,,,,,,,,,,,,,
DB05_PRIOR_ADC,臨床人群與設計,DESTINY-Breast05,既往ADC入組條件,,排除既往T-DXd、T-DM1或其他HER2 ADC；不是TOP1 ADC失效後比較。,,,,"[""C21""]",2026-05-15,官方試驗登錄,登錄納排條件改變或新增既往ADC隊列,ADC-20261007-R1,original_R1_record_preserved,,,,,,,,,,,,,,,,,,,,,,,,
TX01_SCOPE,交易結構,Pfizer / Seagen,交易型態與範圍,,whole_company_acquisition；全公司，上市藥品/管線/團隊與技術；四項上市藥不全是ADC；全股權，個別產品合作權利隨原有契約,,全公司，上市藥品/管線/團隊與技術；四項上市藥不全是ADC,,"[""D07"", ""D08""]",,公司公告交易條件,交割、SEC財報、行權、里程碑或權利範圍更新,ADC-20261007-R1,original_R1_record_preserved,,,,,,,,,,,,,,,,,,,,,,,,
TX01_DATE,交易結構,Pfizer / Seagen,公告與交割日期,,公告：未知；交割：2023-12-14；本檔選定來源完整核實2023-12-14交割；原始簽約公告日期未在選定來源另核。,,全公司，上市藥品/管線/團隊與技術；四項上市藥不全是ADC,,"[""D07"", ""D08""]",,公司公告交易條件,交割、SEC財報、行權、里程碑或權利範圍更新,ADC-20261007-R1,original_R1_record_preserved,,,,,,,,,,,,,,,,,,,,,,,,
TX01_STATE,交易結構,Pfizer / Seagen,交易時成熟度與後續變化,,已上市組合+臨床管線；,,全公司，上市藥品/管線/團隊與技術；四項上市藥不全是ADC,,"[""D07"", ""D08""]",,公司公告交易條件,交割、SEC財報、行權、里程碑或權利範圍更新,ADC-20261007-R1,original_R1_record_preserved,,,,,,,,,,,,,,,,,,,,,,,,
TX01_PAYMENT_STATUS,交易結構,Pfizer / Seagen,實際付款核實範圍,,完成收購；SEC披露對價公允價值44200、扣收購現金43400，均非公告企業價值同口徑,,全公司，上市藥品/管線/團隊與技術；四項上市藥不全是ADC,,"[""D07"", ""D08""]",,公司公告交易條件,交割、SEC財報、行權、里程碑或權利範圍更新,ADC-20261007-R1,original_R1_record_preserved,,,,,,,,,,,,,,,,,,,,,,,,
TX01_LOGIC,交易判斷,Pfizer / Seagen,合作邏輯（作者推論）,,我們判斷，取得已商業化ADC組合及持續產出ADC的組織能力。,,全公司，上市藥品/管線/團隊與技術；四項上市藥不全是ADC,,"[""D07"", ""D08""]",,作者推論，基於公開交易結構,交割、SEC財報、行權、里程碑或權利範圍更新,ADC-20261007-R1,original_R1_record_preserved,,,,,,,,,,,,,,,,,,,,,,,,
TX01_HEADLINE_VALUE,交易金額,Pfizer / Seagen,公告企業價值,43000,enterprise_value；非授權簽約金。,百萬美元,全公司，上市藥品/管線/團隊與技術；四項上市藥不全是ADC,,"[""D07"", ""D08""]",,公司公告交易條件,交割、SEC財報、行權、里程碑或權利範圍更新,ADC-20261007-R1,original_R1_record_preserved,,,,,,,,,,,,,,,,,,,,,,,,
TX01_PRICE_PER_SHARE,交易金額,Pfizer / Seagen,每股現金對價,229,,美元／股,全公司，上市藥品/管線/團隊與技術；四項上市藥不全是ADC,,"[""D07"", ""D08""]",,公司公告交易條件,交割、SEC財報、行權、里程碑或權利範圍更新,ADC-20261007-R1,original_R1_record_preserved,,,,,,,,,,,,,,,,,,,,,,,,
TX01_ACTUAL_DISCLOSED,交易金額,Pfizer / Seagen,財報已披露對價或付款,44200,fair_value_of_consideration_transferred；完成收購；SEC披露對價公允價值44200、扣收購現金43400，均非公告企業價值同口徑,百萬美元,全公司，上市藥品/管線/團隊與技術；四項上市藥不全是ADC,,"[""D08""]",2024-06-30,公開SEC財報附註,新增原始資料、監管狀態或公司正式更新時覆核,ADC-20261007-R1,original_R1_record_preserved,,,,,,,,,,,,,,,,,,,,,,,,
TX01_NET_OF_ACQUIRED_CASH,交易金額,Pfizer / Seagen,轉移對價扣所收購現金,43400,與公告企業或股權價值範圍不同。,百萬美元,,,"[""D08""]",2024-06-30,公開SEC財報附註,新增原始資料、監管狀態或公司正式更新時覆核,ADC-20261007-R1,original_R1_record_preserved,,,,,,,,,,,,,,,,,,,,,,,,
TX02_SCOPE,交易結構,AbbVie / ImmunoGen,交易型態與範圍,,whole_company_acquisition；全公司，ELAHERE及後續ADC管線；全股權，個別產品合作權利隨原有契約,,全公司，ELAHERE及後續ADC管線,,"[""D09"", ""D10"", ""D11""]",2023-11-30,公司公告交易條件,交割、SEC財報、行權、里程碑或權利範圍更新,ADC-20261007-R1,original_R1_record_preserved,,,,,,,,,,,,,,,,,,,,,,,,
TX02_DATE,交易結構,AbbVie / ImmunoGen,公告與交割日期,,公告：2023-11-30；交割：2024-02-12；,,全公司，ELAHERE及後續ADC管線,,"[""D09"", ""D10"", ""D11""]",2023-11-30,公司公告交易條件,交割、SEC財報、行權、里程碑或權利範圍更新,ADC-20261007-R1,original_R1_record_preserved,,,,,,,,,,,,,,,,,,,,,,,,
TX02_STATE,交易結構,AbbVie / ImmunoGen,交易時成熟度與後續變化,,ELAHERE已美國加速核准，其餘管線未同等去風險；,,全公司，ELAHERE及後續ADC管線,,"[""D09"", ""D10"", ""D11""]",2023-11-30,公司公告交易條件,交割、SEC財報、行權、里程碑或權利範圍更新,ADC-20261007-R1,original_R1_record_preserved,,,,,,,,,,,,,,,,,,,,,,,,
TX02_PAYMENT_STATUS,交易結構,AbbVie / ImmunoGen,實際付款核實範圍,,完成收購；最終10-K記對普通股持有人轉移對價公允價值9800、扣收購現金9200；員工獎勵另記費用,,全公司，ELAHERE及後續ADC管線,,"[""D09"", ""D10"", ""D11""]",2023-11-30,公司公告交易條件,交割、SEC財報、行權、里程碑或權利範圍更新,ADC-20261007-R1,original_R1_record_preserved,,,,,,,,,,,,,,,,,,,,,,,,
TX02_LOGIC,交易判斷,AbbVie / ImmunoGen,合作邏輯（作者推論）,,我們判斷，把已形成患者篩選與商業交付的產品作入口，再延伸FRα/其他ADC能力。,,全公司，ELAHERE及後續ADC管線,,"[""D09"", ""D10"", ""D11""]",2023-11-30,作者推論，基於公開交易結構,交割、SEC財報、行權、里程碑或權利範圍更新,ADC-20261007-R1,original_R1_record_preserved,,,,,,,,,,,,,,,,,,,,,,,,
TX02_HEADLINE_VALUE,交易金額,AbbVie / ImmunoGen,公告股權價值,10100,equity_value；非授權簽約金。,百萬美元,全公司，ELAHERE及後續ADC管線,,"[""D09"", ""D10"", ""D11""]",2023-11-30,公司公告交易條件,交割、SEC財報、行權、里程碑或權利範圍更新,ADC-20261007-R1,original_R1_record_preserved,,,,,,,,,,,,,,,,,,,,,,,,
TX02_PRICE_PER_SHARE,交易金額,AbbVie / ImmunoGen,每股現金對價,31.26,,美元／股,全公司，ELAHERE及後續ADC管線,,"[""D09"", ""D10"", ""D11""]",2023-11-30,公司公告交易條件,交割、SEC財報、行權、里程碑或權利範圍更新,ADC-20261007-R1,original_R1_record_preserved,,,,,,,,,,,,,,,,,,,,,,,,
TX02_ACTUAL_DISCLOSED,交易金額,AbbVie / ImmunoGen,財報已披露對價或付款,9800,fair_value_of_consideration_transferred_to_common_shareholders；完成收購；最終10-K記對普通股持有人轉移對價公允價值9800、扣收購現金9200；員工獎勵另記費用,百萬美元,全公司，ELAHERE及後續ADC管線,,"[""D11""]",2024-12-31,公開SEC財報附註,新增原始資料、監管狀態或公司正式更新時覆核,ADC-20261007-R1,original_R1_record_preserved,,,,,,,,,,,,,,,,,,,,,,,,
TX02_NET_OF_ACQUIRED_CASH,交易金額,AbbVie / ImmunoGen,轉移對價扣所收購現金,9200,與公告企業或股權價值範圍不同。,百萬美元,,,"[""D11""]",2024-12-31,公開SEC財報附註,新增原始資料、監管狀態或公司正式更新時覆核,ADC-20261007-R1,original_R1_record_preserved,,,,,,,,,,,,,,,,,,,,,,,,
TX03_SCOPE,交易結構,Merck / Daiichi Sankyo,交易型態與範圍,,co_development_co_commercialization；patritumab DXd、ifinatamab DXd、raludotatug DXd；全球共同開發/商業化，日本Daiichi獨有,,patritumab DXd、ifinatamab DXd、raludotatug DXd,,"[""D01"", ""D02"", ""D03"", ""D04"", ""D05""]",2023-10-19,公司公告交易條件,交割、SEC財報、行權、里程碑或權利範圍更新,ADC-20261007-R1,original_R1_record_preserved,,,,,,,,,,,,,,,,,,,,,,,,
TX03_DATE,交易結構,Merck / Daiichi Sankyo,公告與交割日期,,公告：2023-10-19；交割：未另核實／不適用；,,patritumab DXd、ifinatamab DXd、raludotatug DXd,,"[""D01"", ""D02"", ""D03"", ""D04"", ""D05""]",2023-10-19,公司公告交易條件,交割、SEC財報、行權、里程碑或權利範圍更新,ADC-20261007-R1,original_R1_record_preserved,,,,,,,,,,,,,,,,,,,,,,,,
TX03_STATE,交易結構,Merck / Daiichi Sankyo,交易時成熟度與後續變化,,臨床I–II期；HER3-DXd計畫送BLA；2025 HER3-DXd BLA撤回、2026-09 I-DXd BLA撤回；原約續期已付、2026費用分攤修正,,patritumab DXd、ifinatamab DXd、raludotatug DXd,,"[""D01"", ""D02"", ""D03"", ""D04"", ""D05""]",2023-10-19,公司公告交易條件,交割、SEC財報、行權、里程碑或權利範圍更新,ADC-20261007-R1,original_R1_record_preserved,,,,,,,,,,,,,,,,,,,,,,,,
TX03_PAYMENT_STATUS,交易結構,Merck / Daiichi Sankyo,實際付款核實範圍,,SEC明列4000於2023、750於2024-10、750於2025-10已付；不推定refund未來結果,,patritumab DXd、ifinatamab DXd、raludotatug DXd,,"[""D01"", ""D02"", ""D03"", ""D04"", ""D05""]",2023-10-19,公司公告交易條件,交割、SEC財報、行權、里程碑或權利範圍更新,ADC-20261007-R1,original_R1_record_preserved,,,,,,,,,,,,,,,,,,,,,,,,
TX03_LOGIC,交易判斷,Merck / Daiichi Sankyo,合作邏輯（作者推論）,,我們判斷，已驗證平台可降低工程不確定性，臨床適應症、監管與供應風險仍需逐項承擔。,,patritumab DXd、ifinatamab DXd、raludotatug DXd,,"[""D01"", ""D02"", ""D03"", ""D04"", ""D05""]",2023-10-19,作者推論，基於公開交易結構,交割、SEC財報、行權、里程碑或權利範圍更新,ADC-20261007-R1,original_R1_record_preserved,,,,,,,,,,,,,,,,,,,,,,,,
TX03_UPFRONT,交易金額,Merck / Daiichi Sankyo,原始約定簽約金,4000,交易條件；是否已付另見付款紀錄。,百萬美元,patritumab DXd、ifinatamab DXd、raludotatug DXd,,"[""D01""]",2023-10-19,公司公告交易條件,交割、SEC財報、行權、里程碑或權利範圍更新,ADC-20261007-R1,original_R1_record_preserved,,,,,,,,,,,,,,,,,,,,,,,,
TX03_MILESTONES,交易金額,Merck / Daiichi Sankyo,條件性里程碑上限,16500,<= 16500；最高可達；附條件，非已付款。,百萬美元,patritumab DXd、ifinatamab DXd、raludotatug DXd,,"[""D01""]",2023-10-19,公司公告交易條件,交割、SEC財報、行權、里程碑或權利範圍更新,ADC-20261007-R1,original_R1_record_preserved,,,,,,,,,,,,,,,,,,,,,,,,
TX03_MAX,交易金額,Merck / Daiichi Sankyo,公告條件全部達成之最高對價,22000,不含銷售權利金；非已付款或風險調整現值。,百萬美元,patritumab DXd、ifinatamab DXd、raludotatug DXd,,"[""D01"", ""D02"", ""D03"", ""D04"", ""D05""]",2023-10-19,公司公告交易條件,交割、SEC財報、行權、里程碑或權利範圍更新,ADC-20261007-R1,original_R1_record_preserved,,,,,,,,,,,,,,,,,,,,,,,,
TX03_ACTUAL_DISCLOSED,交易金額,Merck / Daiichi Sankyo,財報已披露對價或付款,5500,gross_paid_upfront_plus_continuations_excludes_R&D_and_possible_refunds；SEC明列4000於2023、750於2024-10、750於2025-10已付；不推定refund未來結果,百萬美元,patritumab DXd、ifinatamab DXd、raludotatug DXd,,"[""D02""]",2026-06-30,公開SEC財報附註,新增原始資料、監管狀態或公司正式更新時覆核,ADC-20261007-R1,original_R1_record_preserved,,,,,,,,,,,,,,,,,,,,,,,,
TX03_MANUFACTURING,交易分工,Merck / Daiichi Sankyo,manufacturing,,Daiichi solely responsible,,patritumab DXd、ifinatamab DXd、raludotatug DXd,,"[""D01"", ""D02"", ""D03"", ""D04"", ""D05""]",2023-10-19,公司公告交易條件,交割、SEC財報、行權、里程碑或權利範圍更新,ADC-20261007-R1,original_R1_record_preserved,,,,,,,,,,,,,,,,,,,,,,,,
TX03_COST_SHARING,交易分工,Merck / Daiichi Sankyo,cost_sharing,,通常各半；R-DXd最初2000百萬美元R&D之75%由Merck負擔；2026年7月修約部分臨床費用Merck獨負且附條件可部分補償,,patritumab DXd、ifinatamab DXd、raludotatug DXd,,"[""D01"", ""D02"", ""D03"", ""D04"", ""D05""]",2023-10-19,公司公告交易條件,交割、SEC財報、行權、里程碑或權利範圍更新,ADC-20261007-R1,original_R1_record_preserved,,,,,,,,,,,,,,,,,,,,,,,,
TX03_ROYALTY_DESCRIPTION,交易分工,Merck / Daiichi Sankyo,royalty_description,,日本Merck獲5% sales royalty；其他地區按共同費用/利潤非單純royalty,,patritumab DXd、ifinatamab DXd、raludotatug DXd,,"[""D01"", ""D02"", ""D03"", ""D04"", ""D05""]",2023-10-19,公司公告交易條件,交割、SEC財報、行權、里程碑或權利範圍更新,ADC-20261007-R1,original_R1_record_preserved,,,,,,,,,,,,,,,,,,,,,,,,
TX04_SCOPE,交易結構,BioNTech / DualityBio,交易型態與範圍,,two_asset_license；DB-1303/BNT323、DB-1311/BNT324；全球排除中國大陸、香港、澳門；台灣未列排除,,DB-1303/BNT323、DB-1311/BNT324,,"[""D12"", ""D13"", ""D26""]",2023-04-03,公司公告交易條件,交割、SEC財報、行權、里程碑或權利範圍更新,ADC-20261007-R1,original_R1_record_preserved,,,,,,,,,,,,,,,,,,,,,,,,
TX04_DATE,交易結構,BioNTech / DualityBio,公告與交割日期,,公告：2023-04-03；交割：未另核實／不適用；,,DB-1303/BNT323、DB-1311/BNT324,,"[""D12"", ""D13"", ""D26""]",2023-04-03,公司公告交易條件,交割、SEC財報、行權、里程碑或權利範圍更新,ADC-20261007-R1,original_R1_record_preserved,,,,,,,,,,,,,,,,,,,,,,,,
TX04_STATE,交易結構,BioNTech / DualityBio,交易時成熟度與後續變化,,DB-1303第II期；DB-1311早期候選；2026年5月Duality書面行使DB1311美國cost/profit-loss sharing；歷史開發費分攤一次性收入扣減RMB290.7m,,DB-1303/BNT323、DB-1311/BNT324,,"[""D12"", ""D13"", ""D26""]",2023-04-03,公司公告交易條件,交割、SEC財報、行權、里程碑或權利範圍更新,ADC-20261007-R1,original_R1_record_preserved,,,,,,,,,,,,,,,,,,,,,,,,
TX04_PAYMENT_STATUS,交易結構,BioNTech / DualityBio,實際付款核實範圍,,本檔核對簽約公告及2026更新，未另確認170的現金收款逐筆紀錄,,DB-1303/BNT323、DB-1311/BNT324,,"[""D12"", ""D13"", ""D26""]",2023-04-03,公司公告交易條件,交割、SEC財報、行權、里程碑或權利範圍更新,ADC-20261007-R1,original_R1_record_preserved,,,,,,,,,,,,,,,,,,,,,,,,
TX04_LOGIC,交易判斷,BioNTech / DualityBio,合作邏輯（作者推論）,,我們判斷，後段全球試驗能力與早期研發互補；保留美國共同投入選項意味後續價值分享同時要求資金承擔。,,DB-1303/BNT323、DB-1311/BNT324,,"[""D12"", ""D13"", ""D26""]",2023-04-03,作者推論，基於公開交易結構,交割、SEC財報、行權、里程碑或權利範圍更新,ADC-20261007-R1,original_R1_record_preserved,,,,,,,,,,,,,,,,,,,,,,,,
TX04_UPFRONT,交易金額,BioNTech / DualityBio,原始約定簽約金,170,交易條件；是否已付另見付款紀錄。,百萬美元,DB-1303/BNT323、DB-1311/BNT324,,"[""D12""]",2023-04-03,公司公告交易條件,交割、SEC財報、行權、里程碑或權利範圍更新,ADC-20261007-R1,original_R1_record_preserved,,,,,,,,,,,,,,,,,,,,,,,,
TX04_MILESTONES,交易金額,BioNTech / DualityBio,條件性里程碑下界（嚴格大於）,1500,> 1500；僅下界，精確上限未知；附條件，非已付款。,百萬美元,DB-1303/BNT323、DB-1311/BNT324,,"[""D12""]",2023-04-03,公司公告交易條件,交割、SEC財報、行權、里程碑或權利範圍更新,ADC-20261007-R1,original_R1_record_preserved,,,,,,,,,,,,,,,,,,,,,,,,
TX04_MAX_UNKNOWN,交易金額,BioNTech / DualityBio,精確最高對價未知,,僅能確定超過1670百萬美元；不畫精確上限或簽約占比。,百萬美元,DB-1303/BNT323、DB-1311/BNT324,,"[""D12"", ""D13"", ""D26""]",2023-04-03,公司公告交易條件,交割、SEC財報、行權、里程碑或權利範圍更新,ADC-20261007-R1,original_R1_record_preserved,,,,,,,,,,,,,,,,,,,,,,,,
TX04_ROYALTY_DESCRIPTION,交易分工,BioNTech / DualityBio,royalty_description,,single-digit to double-digit tiered royalties；DB1311美國後有cost/profit-loss sharing,,DB-1303/BNT323、DB-1311/BNT324,,"[""D12"", ""D13"", ""D26""]",2023-04-03,公司公告交易條件,交割、SEC財報、行權、里程碑或權利範圍更新,ADC-20261007-R1,original_R1_record_preserved,,,,,,,,,,,,,,,,,,,,,,,,
TX05_SCOPE,交易結構,Gilead / Tubulis,交易型態與範圍,,research_option_license；單一未披露實體腫瘤標的之TOPO1i ADC；Tubutecan/Alco5；exclusive license option；公告未逐列地域,,單一未披露實體腫瘤標的之TOPO1i ADC；Tubutecan/Alco5,,"[""D14""]",2024-12-03,公司公告交易條件,交割、SEC財報、行權、里程碑或權利範圍更新,ADC-20261007-R1,original_R1_record_preserved,,,,,,,,,,,,,,,,,,,,,,,,
TX05_DATE,交易結構,Gilead / Tubulis,公告與交割日期,,公告：2024-12-03；交割：未另核實／不適用；,,單一未披露實體腫瘤標的之TOPO1i ADC；Tubutecan/Alco5,,"[""D14""]",2024-12-03,公司公告交易條件,交割、SEC財報、行權、里程碑或權利範圍更新,ADC-20261007-R1,original_R1_record_preserved,,,,,,,,,,,,,,,,,,,,,,,,
TX05_STATE,交易結構,Gilead / Tubulis,交易時成熟度與後續變化,,研究/發現；2026全公司收購另列TX06，不能把兩筆標題總額相加當產業價值,,單一未披露實體腫瘤標的之TOPO1i ADC；Tubutecan/Alco5,,"[""D14""]",2024-12-03,公司公告交易條件,交割、SEC財報、行權、里程碑或權利範圍更新,ADC-20261007-R1,original_R1_record_preserved,,,,,,,,,,,,,,,,,,,,,,,,
TX05_PAYMENT_STATUS,交易結構,Gilead / Tubulis,實際付款核實範圍,,簽約公告明列支付義務；本次未確認行權30或後續里程碑是否付款,,單一未披露實體腫瘤標的之TOPO1i ADC；Tubutecan/Alco5,,"[""D14""]",2024-12-03,公司公告交易條件,交割、SEC財報、行權、里程碑或權利範圍更新,ADC-20261007-R1,original_R1_record_preserved,,,,,,,,,,,,,,,,,,,,,,,,
TX05_LOGIC,交易判斷,Gilead / Tubulis,合作邏輯（作者推論）,,我們判斷，先買協作與評估機會，待候選藥形成後才決定後段開發承諾。,,單一未披露實體腫瘤標的之TOPO1i ADC；Tubutecan/Alco5,,"[""D14""]",2024-12-03,作者推論，基於公開交易結構,交割、SEC財報、行權、里程碑或權利範圍更新,ADC-20261007-R1,original_R1_record_preserved,,,,,,,,,,,,,,,,,,,,,,,,
TX05_UPFRONT,交易金額,Gilead / Tubulis,原始約定簽約金,20,交易條件；是否已付另見付款紀錄。,百萬美元,單一未披露實體腫瘤標的之TOPO1i ADC；Tubutecan/Alco5,,"[""D14""]",2024-12-03,公司公告交易條件,交割、SEC財報、行權、里程碑或權利範圍更新,ADC-20261007-R1,original_R1_record_preserved,,,,,,,,,,,,,,,,,,,,,,,,
TX05_MILESTONES,交易金額,Gilead / Tubulis,條件性里程碑上限,415,<= 415；最高可達；附條件，非已付款。,百萬美元,單一未披露實體腫瘤標的之TOPO1i ADC；Tubutecan/Alco5,,"[""D14""]",2024-12-03,公司公告交易條件,交割、SEC財報、行權、里程碑或權利範圍更新,ADC-20261007-R1,original_R1_record_preserved,,,,,,,,,,,,,,,,,,,,,,,,
TX05_MAX,交易金額,Gilead / Tubulis,公告條件全部達成之最高對價,465,不含銷售權利金；非已付款或風險調整現值。,百萬美元,單一未披露實體腫瘤標的之TOPO1i ADC；Tubutecan/Alco5,,"[""D14""]",2024-12-03,公司公告交易條件,交割、SEC財報、行權、里程碑或權利範圍更新,ADC-20261007-R1,original_R1_record_preserved,,,,,,,,,,,,,,,,,,,,,,,,
TX05_ROYALTY_DESCRIPTION,交易分工,Gilead / Tubulis,royalty_description,,mid-single to low double-digit tiered royalties,,單一未披露實體腫瘤標的之TOPO1i ADC；Tubutecan/Alco5,,"[""D14""]",2024-12-03,公司公告交易條件,交割、SEC財報、行權、里程碑或權利範圍更新,ADC-20261007-R1,original_R1_record_preserved,,,,,,,,,,,,,,,,,,,,,,,,
TX06_SCOPE,交易結構,Gilead / Tubulis,交易型態與範圍,,whole_company_acquisition_with_milestones；Tubulis全公司；TUB040 NaPi2b、TUB030 5T4及ADC平台；全股權；收購前平台授權是否修訂，本次未確認。,,Tubulis全公司；TUB040 NaPi2b、TUB030 5T4及ADC平台,,"[""D15"", ""D16"", ""D17""]",2026-04-07,公司公告交易條件,交割、SEC財報、行權、里程碑或權利範圍更新,ADC-20261007-R1,original_R1_record_preserved,,,,,,,,,,,,,,,,,,,,,,,,
TX06_DATE,交易結構,Gilead / Tubulis,公告與交割日期,,公告：2026-04-07；交割：2026-05-21；,,Tubulis全公司；TUB040 NaPi2b、TUB030 5T4及ADC平台,,"[""D15"", ""D16"", ""D17""]",2026-04-07,公司公告交易條件,交割、SEC財報、行權、里程碑或權利範圍更新,ADC-20261007-R1,original_R1_record_preserved,,,,,,,,,,,,,,,,,,,,,,,,
TX06_STATE,交易結構,Gilead / Tubulis,交易時成熟度與後續變化,,TUB040 I/II臨床概念驗證；無核准商品；SEC按資產收購認列，TUB040占所收購總資產公允價值絕大部分；不稱3150均為平台價格,,Tubulis全公司；TUB040 NaPi2b、TUB030 5T4及ADC平台,,"[""D15"", ""D16"", ""D17""]",2026-04-07,公司公告交易條件,交割、SEC財報、行權、里程碑或權利範圍更新,ADC-20261007-R1,original_R1_record_preserved,,,,,,,,,,,,,,,,,,,,,,,,
TX06_PAYMENT_STATUS,交易結構,Gilead / Tubulis,實際付款核實範圍,,5/21完成公告；Q2 10-Q現金對價扣收購現金約3200，未來里程碑最高約1900（四捨五入）,,Tubulis全公司；TUB040 NaPi2b、TUB030 5T4及ADC平台,,"[""D15"", ""D16"", ""D17""]",2026-04-07,公司公告交易條件,交割、SEC財報、行權、里程碑或權利範圍更新,ADC-20261007-R1,original_R1_record_preserved,,,,,,,,,,,,,,,,,,,,,,,,
TX06_LOGIC,交易判斷,Gilead / Tubulis,合作邏輯（作者推論）,,我們判斷，先合作再加深持有能累積技術/團隊資訊；成交仍把後續價款繫於未達里程碑。,,Tubulis全公司；TUB040 NaPi2b、TUB030 5T4及ADC平台,,"[""D15"", ""D16"", ""D17""]",2026-04-07,作者推論，基於公開交易結構,交割、SEC財報、行權、里程碑或權利範圍更新,ADC-20261007-R1,original_R1_record_preserved,,,,,,,,,,,,,,,,,,,,,,,,
TX06_UPFRONT,交易金額,Gilead / Tubulis,公告交割現金，cash-free/debt-free及慣例調整,3150,交易條件；是否已付另見付款紀錄。,百萬美元,Tubulis全公司；TUB040 NaPi2b、TUB030 5T4及ADC平台,,"[""D15""]",2026-04-07,公司公告交易條件,交割、SEC財報、行權、里程碑或權利範圍更新,ADC-20261007-R1,original_R1_record_preserved,,,,,,,,,,,,,,,,,,,,,,,,
TX06_MILESTONES,交易金額,Gilead / Tubulis,條件性里程碑上限,1850,<= 1850；最高可達；附條件，非已付款。,百萬美元,Tubulis全公司；TUB040 NaPi2b、TUB030 5T4及ADC平台,,"[""D15""]",2026-04-07,公司公告交易條件,交割、SEC財報、行權、里程碑或權利範圍更新,ADC-20261007-R1,original_R1_record_preserved,,,,,,,,,,,,,,,,,,,,,,,,
TX06_MAX,交易金額,Gilead / Tubulis,公告條件全部達成之最高對價,5000,不含銷售權利金；非已付款或風險調整現值。,百萬美元,Tubulis全公司；TUB040 NaPi2b、TUB030 5T4及ADC平台,,"[""D15"", ""D16"", ""D17""]",2026-04-07,公司公告交易條件,交割、SEC財報、行權、里程碑或權利範圍更新,ADC-20261007-R1,original_R1_record_preserved,,,,,,,,,,,,,,,,,,,,,,,,
TX06_ACTUAL_DISCLOSED,交易金額,Gilead / Tubulis,財報已披露對價或付款,3200,approximately_cash_consideration_net_of_cash_acquired_SEC_rounding；5/21完成公告；Q2 10-Q現金對價扣收購現金約3200，未來里程碑最高約1900（四捨五入）,百萬美元,Tubulis全公司；TUB040 NaPi2b、TUB030 5T4及ADC平台,,"[""D17""]",2026-06-30,公開SEC財報附註,新增原始資料、監管狀態或公司正式更新時覆核,ADC-20261007-R1,original_R1_record_preserved,,,,,,,,,,,,,,,,,,,,,,,,
TX07_SCOPE,交易結構,Genentech (Roche) / DualityBio,交易型態與範圍,,platform_research_early_clinical_license；Genentech指定未披露靶點，DUPAC新機制payload ADC；exclusive worldwide,,Genentech指定未披露靶點，DUPAC新機制payload ADC,,"[""D18""]",2026-08-28,公司公告交易條件,交割、SEC財報、行權、里程碑或權利範圍更新,ADC-20261007-R1,original_R1_record_preserved,,,,,,,,,,,,,,,,,,,,,,,,
TX07_DATE,交易結構,Genentech (Roche) / DualityBio,公告與交割日期,,公告：2026-08-28；交割：未另核實／不適用；,,Genentech指定未披露靶點，DUPAC新機制payload ADC,,"[""D18""]",2026-08-28,公司公告交易條件,交割、SEC財報、行權、里程碑或權利範圍更新,ADC-20261007-R1,original_R1_record_preserved,,,,,,,,,,,,,,,,,,,,,,,,
TX07_STATE,交易結構,Genentech (Roche) / DualityBio,交易時成熟度與後續變化,,平台臨床前；合作ADCs先由Duality推進至Phase1a；,,Genentech指定未披露靶點，DUPAC新機制payload ADC,,"[""D18""]",2026-08-28,公司公告交易條件,交割、SEC財報、行權、里程碑或權利範圍更新,ADC-20261007-R1,original_R1_record_preserved,,,,,,,,,,,,,,,,,,,,,,,,
TX07_PAYMENT_STATUS,交易結構,Genentech (Roche) / DualityBio,實際付款核實範圍,,簽約公告；未核實已收取現金,,Genentech指定未披露靶點，DUPAC新機制payload ADC,,"[""D18""]",2026-08-28,公司公告交易條件,交割、SEC財報、行權、里程碑或權利範圍更新,ADC-20261007-R1,original_R1_record_preserved,,,,,,,,,,,,,,,,,,,,,,,,
TX07_LOGIC,交易判斷,Genentech (Roche) / DualityBio,合作邏輯（作者推論）,,我們判斷，買進對已上市payload抗藥族群的新機制假說，但交易不能替代臨床後ADC證據。,,Genentech指定未披露靶點，DUPAC新機制payload ADC,,"[""D18""]",2026-08-28,作者推論，基於公開交易結構,交割、SEC財報、行權、里程碑或權利範圍更新,ADC-20261007-R1,original_R1_record_preserved,,,,,,,,,,,,,,,,,,,,,,,,
TX07_UPFRONT,交易金額,Genentech (Roche) / DualityBio,原始約定簽約金,45,交易條件；是否已付另見付款紀錄。,百萬美元,Genentech指定未披露靶點，DUPAC新機制payload ADC,,"[""D18""]",2026-08-28,公司公告交易條件,交割、SEC財報、行權、里程碑或權利範圍更新,ADC-20261007-R1,original_R1_record_preserved,,,,,,,,,,,,,,,,,,,,,,,,
TX07_MILESTONES,交易金額,Genentech (Roche) / DualityBio,條件性里程碑下界（嚴格大於）,1000,> 1000；僅下界，精確上限未知；附條件，非已付款。,百萬美元,Genentech指定未披露靶點，DUPAC新機制payload ADC,,"[""D18""]",2026-08-28,公司公告交易條件,交割、SEC財報、行權、里程碑或權利範圍更新,ADC-20261007-R1,original_R1_record_preserved,,,,,,,,,,,,,,,,,,,,,,,,
TX07_MAX_UNKNOWN,交易金額,Genentech (Roche) / DualityBio,精確最高對價未知,,僅能確定超過1045百萬美元；不畫精確上限或簽約占比。,百萬美元,Genentech指定未披露靶點，DUPAC新機制payload ADC,,"[""D18""]",2026-08-28,公司公告交易條件,交割、SEC財報、行權、里程碑或權利範圍更新,ADC-20261007-R1,original_R1_record_preserved,,,,,,,,,,,,,,,,,,,,,,,,
TX07_DEVELOPMENT_HANDOFF,交易分工,Genentech (Roche) / DualityBio,development_handoff,,Duality discovery and early global clinical; Genentech sole further development/commercialization after Phase1a,,Genentech指定未披露靶點，DUPAC新機制payload ADC,,"[""D18""]",2026-08-28,公司公告交易條件,交割、SEC財報、行權、里程碑或權利範圍更新,ADC-20261007-R1,original_R1_record_preserved,,,,,,,,,,,,,,,,,,,,,,,,
TX07_ROYALTY_DESCRIPTION,交易分工,Genentech (Roche) / DualityBio,royalty_description,,tiered royalties; percentages undisclosed,,Genentech指定未披露靶點，DUPAC新機制payload ADC,,"[""D18""]",2026-08-28,公司公告交易條件,交割、SEC財報、行權、里程碑或權利範圍更新,ADC-20261007-R1,original_R1_record_preserved,,,,,,,,,,,,,,,,,,,,,,,,
TX08_SCOPE,交易結構,Bristol Myers Squibb / Tubulis,交易型態與範圍,,platform_license；選定但未披露數量之ADC；P5偶聯與Tubutecan payload；exclusive platform rights for selected ADCs；公告未逐列地域,,選定但未披露數量之ADC；P5偶聯與Tubutecan payload,,"[""D19""]",2023-04-20,公司公告交易條件,交割、SEC財報、行權、里程碑或權利範圍更新,ADC-20261007-R1,original_R1_record_preserved,,,,,,,,,,,,,,,,,,,,,,,,
TX08_DATE,交易結構,Bristol Myers Squibb / Tubulis,公告與交割日期,,公告：2023-04-20；交割：未另核實／不適用；,,選定但未披露數量之ADC；P5偶聯與Tubutecan payload,,"[""D19""]",2023-04-20,公司公告交易條件,交割、SEC財報、行權、里程碑或權利範圍更新,ADC-20261007-R1,original_R1_record_preserved,,,,,,,,,,,,,,,,,,,,,,,,
TX08_STATE,交易結構,Bristol Myers Squibb / Tubulis,交易時成熟度與後續變化,,平台/發現；,,選定但未披露數量之ADC；P5偶聯與Tubutecan payload,,"[""D19""]",2023-04-20,公司公告交易條件,交割、SEC財報、行權、里程碑或權利範圍更新,ADC-20261007-R1,original_R1_record_preserved,,,,,,,,,,,,,,,,,,,,,,,,
TX08_PAYMENT_STATUS,交易結構,Bristol Myers Squibb / Tubulis,實際付款核實範圍,,簽約公告；未核實現金收款,,選定但未披露數量之ADC；P5偶聯與Tubutecan payload,,"[""D19""]",2023-04-20,公司公告交易條件,交割、SEC財報、行權、里程碑或權利範圍更新,ADC-20261007-R1,original_R1_record_preserved,,,,,,,,,,,,,,,,,,,,,,,,
TX08_LOGIC,交易判斷,Bristol Myers Squibb / Tubulis,合作邏輯（作者推論）,,我們判斷，抗體靶點由BMS選、linker-payload由Tubulis配，顯示可交付且可接手的模組介面有合作價值。,,選定但未披露數量之ADC；P5偶聯與Tubutecan payload,,"[""D19""]",2023-04-20,作者推論，基於公開交易結構,交割、SEC財報、行權、里程碑或權利範圍更新,ADC-20261007-R1,original_R1_record_preserved,,,,,,,,,,,,,,,,,,,,,,,,
TX08_UPFRONT,交易金額,Bristol Myers Squibb / Tubulis,原始約定簽約金,22.75,交易條件；是否已付另見付款紀錄。,百萬美元,選定但未披露數量之ADC；P5偶聯與Tubutecan payload,,"[""D19""]",2023-04-20,公司公告交易條件,交割、SEC財報、行權、里程碑或權利範圍更新,ADC-20261007-R1,original_R1_record_preserved,,,,,,,,,,,,,,,,,,,,,,,,
TX08_MILESTONES,交易金額,Bristol Myers Squibb / Tubulis,條件性里程碑下界（嚴格大於）,1000,> 1000；僅下界，精確上限未知；附條件，非已付款。,百萬美元,選定但未披露數量之ADC；P5偶聯與Tubutecan payload,,"[""D19""]",2023-04-20,公司公告交易條件,交割、SEC財報、行權、里程碑或權利範圍更新,ADC-20261007-R1,original_R1_record_preserved,,,,,,,,,,,,,,,,,,,,,,,,
TX08_MAX_UNKNOWN,交易金額,Bristol Myers Squibb / Tubulis,精確最高對價未知,,僅能確定超過1022.75百萬美元；不畫精確上限或簽約占比。,百萬美元,選定但未披露數量之ADC；P5偶聯與Tubutecan payload,,"[""D19""]",2023-04-20,公司公告交易條件,交割、SEC財報、行權、里程碑或權利範圍更新,ADC-20261007-R1,original_R1_record_preserved,,,,,,,,,,,,,,,,,,,,,,,,
TX08_MANUFACTURING,交易分工,Bristol Myers Squibb / Tubulis,manufacturing,,BMS responsible for resulting ADC candidates,,選定但未披露數量之ADC；P5偶聯與Tubutecan payload,,"[""D19""]",2023-04-20,公司公告交易條件,交割、SEC財報、行權、里程碑或權利範圍更新,ADC-20261007-R1,original_R1_record_preserved,,,,,,,,,,,,,,,,,,,,,,,,
TX08_ROYALTY_DESCRIPTION,交易分工,Bristol Myers Squibb / Tubulis,royalty_description,,tiered royalties,,選定但未披露數量之ADC；P5偶聯與Tubutecan payload,,"[""D19""]",2023-04-20,公司公告交易條件,交割、SEC財報、行權、里程碑或權利範圍更新,ADC-20261007-R1,original_R1_record_preserved,,,,,,,,,,,,,,,,,,,,,,,,
TX03_CONTINUATION_ORIGINAL,交易金額,Merck／Daiichi Sankyo,原約兩筆延續款合計,1500,原約各750且可選擇退出；後續已支付另列。,百萬美元,,,"[""D01""]",2023-10-19,公司原始交易公告,新增原始資料、監管狀態或公司正式更新時覆核,ADC-20261007-R1,original_R1_record_preserved,,,,,,,,,,,,,,,,,,,,,,,,
TX03_REFUNDABLE_COMPONENT,交易金額,Merck／Daiichi Sankyo,簽約金內潛在可退款部分,1000,屬4000簽約金之內含部分，不再加至最高對價。,百萬美元,,,"[""D01""]",2023-10-19,公司原始交易公告,新增原始資料、監管狀態或公司正式更新時覆核,ADC-20261007-R1,original_R1_record_preserved,,,,,,,,,,,,,,,,,,,,,,,,
TX03_PAID_UPFRONT,交易金額,Merck／Daiichi Sankyo,已披露付款：2023年,4000,SEC截至2026-06-30資料；不含研發分攤或可能退款。,百萬美元,,,"[""D02""]",2026-06-30,公開SEC財報附註,新增原始資料、監管狀態或公司正式更新時覆核,ADC-20261007-R1,original_R1_record_preserved,,,,,,,,,,,,,,,,,,,,,,,,
TX03_PAID_CONT_2024,交易金額,Merck／Daiichi Sankyo,已披露付款：2024年10月,750,SEC截至2026-06-30資料；不含研發分攤或可能退款。,百萬美元,,,"[""D02""]",2026-06-30,公開SEC財報附註,新增原始資料、監管狀態或公司正式更新時覆核,ADC-20261007-R1,original_R1_record_preserved,,,,,,,,,,,,,,,,,,,,,,,,
TX03_PAID_CONT_2025,交易金額,Merck／Daiichi Sankyo,已披露付款：2025年10月,750,SEC截至2026-06-30資料；不含研發分攤或可能退款。,百萬美元,,,"[""D02""]",2026-06-30,公開SEC財報附註,新增原始資料、監管狀態或公司正式更新時覆核,ADC-20261007-R1,original_R1_record_preserved,,,,,,,,,,,,,,,,,,,,,,,,
TX03_JAPAN_ROYALTY,交易分工,Merck／Daiichi Sankyo,Merck取得日本銷售權利金率,5,日本商業權利由第一三共保留；不可套用他區共同商業化。,%,,,"[""D02""]",2026-06-30,公開SEC財報附註,新增原始資料、監管狀態或公司正式更新時覆核,ADC-20261007-R1,original_R1_record_preserved,,,,,,,,,,,,,,,,,,,,,,,,
TX05_OPTION_FEE,交易金額,Gilead／Tubulis,條件性行權費,30,2024研究合作之行權款；本輪未核實已行權或付款。,百萬美元,,,"[""D14""]",2024-12-03,公司原始交易公告,新增原始資料、監管狀態或公司正式更新時覆核,ADC-20261007-R1,original_R1_record_preserved,,,,,,,,,,,,,,,,,,,,,,,,
TX06_SEC_CONTINGENT_ROUNDED,交易金額,Gilead／Tubulis,SEC未來里程碑約數上限,1900,四捨五入約數；與公告1850並列，不可相加。,百萬美元,,,"[""D17""]",2026-06-30,公開SEC財報附註,新增原始資料、監管狀態或公司正式更新時覆核,ADC-20261007-R1,original_R1_record_preserved,,,,,,,,,,,,,,,,,,,,,,,,
TX04_US_COST_ADJUSTMENT,交易金額,BioNTech／DualityBio,歷史美國開發費一次性收入扣減,290.7,2026年5月行使選項；不是授權交易價值損失。,百萬元人民幣,,,"[""D13""]",2026-06-30,公司中期財報公告,新增原始資料、監管狀態或公司正式更新時覆核,ADC-20261007-R1,original_R1_record_preserved,,,,,,,,,,,,,,,,,,,,,,,,
GSK_HENGRUI_EXCLUSION,交易範圍,GSK／Hengrui,跨領域交易排除規則,,PDE3/4及最多11項跨領域program選擇權未披露ADC分配，不納ADC交易金額加總。,,,,"[""D20""]",2025-07-28,公司原始交易公告,新增原始資料、監管狀態或公司正式更新時覆核,ADC-20261007-R1,original_R1_record_preserved,,,,,,,,,,,,,,,,,,,,,,,,
DS_CMO_JPY_BN,製造與供應,Daiichi Sankyo,CMO最低採購相關補償準備,75.7,公告2026-05-08；財報資料截至2026-03-31。不是已付現金，不與另一項相加為現金支出。,十億日圓,,,"[""D06""]",2026-03-31,公司監管或財務公告,新增原始資料、監管狀態或公司正式更新時覆核,ADC-20261007-R1,original_R1_record_preserved,,,,,,,,,,,,,,,,,,,,,,,,
DS_CMO_JPY_YI,製造與供應,Daiichi Sankyo,CMO最低採購相關補償準備,757,換算公式：75.7十億日圓 ×10 = 757億日圓；公告2026-05-08；財報資料截至2026-03-31。不是已付現金，不與另一項相加為現金支出。,億日圓,,,"[""D06""]",2026-03-31,公開數值單位換算,新增原始資料、監管狀態或公司正式更新時覆核,ADC-20261007-R1,original_R1_record_preserved,,,,,,,,,,,,,,,,,,,,,,,,
DS_ODAWARA_JPY_BN,製造與供應,Daiichi Sankyo,小田原ADC設備減損及補償,19.3,公告2026-05-08；財報資料截至2026-03-31。不是已付現金，不與另一項相加為現金支出。,十億日圓,,,"[""D06""]",2026-03-31,公司監管或財務公告,新增原始資料、監管狀態或公司正式更新時覆核,ADC-20261007-R1,original_R1_record_preserved,,,,,,,,,,,,,,,,,,,,,,,,
DS_ODAWARA_JPY_YI,製造與供應,Daiichi Sankyo,小田原ADC設備減損及補償,193,換算公式：19.3十億日圓 ×10 = 193億日圓；公告2026-05-08；財報資料截至2026-03-31。不是已付現金，不與另一項相加為現金支出。,億日圓,,,"[""D06""]",2026-03-31,公開數值單位換算,新增原始資料、監管狀態或公司正式更新時覆核,ADC-20261007-R1,original_R1_record_preserved,,,,,,,,,,,,,,,,,,,,,,,,
CMC01_FACT,製造與供應,Daiichi supply plan revision,產能承諾早於臨床/適應症明朗,,757億日圓CMO補償準備、193億日圓小田原設備減損/補償；供應計畫轉向風險調整；準備及減損/預估補償；不能當全數現金已付,,,,"[""D06""]",2026-05-08,公司原始公告,新增原始資料、監管狀態或公司正式更新時覆核,ADC-20261007-R1,original_R1_record_preserved,,,,,,,,,,,,,,,,,,,,,,,,
CMC01_INTERPRETATION,製造與供應,Daiichi supply plan revision,交付判斷（作者推論）,,我們判斷，可隨試驗與上市路徑調整的產能合約，可能比單看名義最大產能更有價值。,,,,"[""D06""]",2026-05-08,作者推論，基於公開供應資料,新增原始資料、監管狀態或公司正式更新時覆核,ADC-20261007-R1,original_R1_record_preserved,,,,,,,,,,,,,,,,,,,,,,,,
CMC02_FACT,製造與供應,HER3-DXd 2024 CRL,候選藥資料與製造廠查核為獨立門檻,,公司稱第三方廠檢查問題；當時CRL未指出送件安全/療效資料問題；2025撤案另因OS/FDA討論；,,,,"[""D04"", ""D05""]",2025-05-29,公司原始公告,新增原始資料、監管狀態或公司正式更新時覆核,ADC-20261007-R1,original_R1_record_preserved,,,,,,,,,,,,,,,,,,,,,,,,
CMC02_INTERPRETATION,製造與供應,HER3-DXd 2024 CRL,交付判斷（作者推論）,,分析包、批次紀錄與廠務品質不能由漂亮臨床數據代替；反向亦同。,,,,"[""D04"", ""D05""]",2025-05-29,作者推論，基於公開供應資料,新增原始資料、監管狀態或公司正式更新時覆核,ADC-20261007-R1,original_R1_record_preserved,,,,,,,,,,,,,,,,,,,,,,,,
CMC03_FACT,製造與供應,Lonza Visp,高效價payload-linker的純化/分析與放大,,2026-06公告追加製程/分析實驗室、純化、高效價QC，預計2028運轉；planned_not_operating,,,,"[""D21""]",2026-06-30,公司原始公告,新增原始資料、監管狀態或公司正式更新時覆核,ADC-20261007-R1,original_R1_record_preserved,,,,,,,,,,,,,,,,,,,,,,,,
CMC03_INTERPRETATION,製造與供應,Lonza Visp,交付判斷（作者推論）,,真正交付單位是合格批次與可移交分析方法，不能僅用反應器L數衡量。,,,,"[""D21""]",2026-06-30,作者推論，基於公開供應資料,新增原始資料、監管狀態或公司正式更新時覆核,ADC-20261007-R1,original_R1_record_preserved,,,,,,,,,,,,,,,,,,,,,,,,
CMC04_FACT,製造與供應,Lonza/Synaffix integrated platform,平台到毒理材料與臨床供應之轉移,,2026-02 Synaffix技術完全整合Advanced Synthesis；Oss提供原型、pilot tox、製程/分析開發；company_reported_capability,,,,"[""D22""]",2026-02-19,公司原始公告,新增原始資料、監管狀態或公司正式更新時覆核,ADC-20261007-R1,original_R1_record_preserved,,,,,,,,,,,,,,,,,,,,,,,,
CMC04_INTERPRETATION,製造與供應,Lonza/Synaffix integrated platform,交付判斷（作者推論）,,買方更容易評估有明確毒理材料、製程和方法移交接口的技術包；臨床優勢另需證據。,,,,"[""D22""]",2026-02-19,作者推論，基於公開供應資料,新增原始資料、監管狀態或公司正式更新時覆核,ADC-20261007-R1,original_R1_record_preserved,,,,,,,,,,,,,,,,,,,,,,,,
CMC05_FACT,製造與供應,WuXi XDC Singapore,多地供應與原液/成品連接,,2026-08 BCM3/DP4 GMP release；9月公告；BCM4預計2026年底；company_reported_GMP_release_not_product_approval,,,,"[""D23""]",2026-09-21,公司原始公告,新增原始資料、監管狀態或公司正式更新時覆核,ADC-20261007-R1,original_R1_record_preserved,,,,,,,,,,,,,,,,,,,,,,,,
CMC05_INTERPRETATION,製造與供應,WuXi XDC Singapore,交付判斷（作者推論）,,跨地供應能力需再核產品特定的技轉、可比性和監管狀態；不能把GMP release當FDA核准。,,,,"[""D23""]",2026-09-21,作者推論，基於公開供應資料,新增原始資料、監管狀態或公司正式更新時覆核,ADC-20261007-R1,original_R1_record_preserved,,,,,,,,,,,,,,,,,,,,,,,,
CMC05_CAP_1_MIN,製造設備容量,WuXi XDC Singapore,mAb intermediate名義容量下限,200,公司名義容量；計畫中BCM4非已投產，L不能推算合格ADC公斤數。,L/batch,,,"[""D23""]",2026-09-21,公司設備設施公告,產品技轉、驗證批、GMP放行或產能狀態更新,ADC-20261007-R1,original_R1_record_preserved,,,,,,,,,,,,,,,,,,,,,,,,
CMC05_CAP_1_MAX,製造設備容量,WuXi XDC Singapore,mAb intermediate名義容量上限,2000,公司名義容量；計畫中BCM4非已投產，L不能推算合格ADC公斤數。,L/batch,,,"[""D23""]",2026-09-21,公司設備設施公告,產品技轉、驗證批、GMP放行或產能狀態更新,ADC-20261007-R1,original_R1_record_preserved,,,,,,,,,,,,,,,,,,,,,,,,
CMC05_CAP_2_MAX,製造設備容量,WuXi XDC Singapore,ADC drug substance BCM3名義容量上限,2000,公司名義容量；計畫中BCM4非已投產，L不能推算合格ADC公斤數。,L/batch,,,"[""D23""]",2026-09-21,公司設備設施公告,產品技轉、驗證批、GMP放行或產能狀態更新,ADC-20261007-R1,original_R1_record_preserved,,,,,,,,,,,,,,,,,,,,,,,,
CMC05_CAP_3_MAX,製造設備容量,WuXi XDC Singapore,DP4名義容量上限,8000000,公司名義容量；計畫中BCM4非已投產，L不能推算合格ADC公斤數。,vials/year_nominal,,,"[""D23""]",2026-09-21,公司設備設施公告,產品技轉、驗證批、GMP放行或產能狀態更新,ADC-20261007-R1,original_R1_record_preserved,,,,,,,,,,,,,,,,,,,,,,,,
CMC05_CAP_4_MAX,製造設備容量,WuXi XDC Singapore,ADC drug substance BCM4 planned名義容量上限,500,公司名義容量；計畫中BCM4非已投產，L不能推算合格ADC公斤數。,L/batch,,,"[""D23""]",2026-09-21,公司設備設施公告,產品技轉、驗證批、GMP放行或產能狀態更新,ADC-20261007-R1,original_R1_record_preserved,,,,,,,,,,,,,,,,,,,,,,,,
CMC06_FACT,製造與供應,AstraZeneca Singapore,供應布局的長前置期,,2024年開工、15億美元、目標2029運轉；覆蓋抗體、payload/linker、偶聯和充填；under_construction_target_2029,,,,"[""D24""]",2024-11-07,公司原始公告,新增原始資料、監管狀態或公司正式更新時覆核,ADC-20261007-R1,original_R1_record_preserved,,,,,,,,,,,,,,,,,,,,,,,,
CMC06_INTERPRETATION,製造與供應,AstraZeneca Singapore,交付判斷（作者推論）,,製造佈局是多年承諾，需求情境與臨床進度必須反覆對齊。,,,,"[""D24""]",2024-11-07,作者推論，基於公開供應資料,新增原始資料、監管狀態或公司正式更新時覆核,ADC-20261007-R1,original_R1_record_preserved,,,,,,,,,,,,,,,,,,,,,,,,
AZ_SINGAPORE_INVESTMENT,製造與供應,AstraZeneca新加坡ADC廠,計畫投資,1500,2024-11-07開工公告；目標2029運轉，不是既有ADC產能。,百萬美元,,,"[""D24""]",2024-11-07,公司建廠計畫公告,新增原始資料、監管狀態或公司正式更新時覆核,ADC-20261007-R1,original_R1_record_preserved,,,,,,,,,,,,,,,,,,,,,,,,
GLOBAL_4568_ROLE,全球公司地圖,Daiichi Sankyo,ADC角色與案例,,DXd技術、候選藥、製造供應；ENHERTU/Dato-DXd與AZ；HER3/I/R-DXd與Merck,,,,"[""D01"", ""D02"", ""D03"", ""D06""]",,公司或監管公開資料；2026-10-07核對,交割、證券代號、臨床階段或權利更新,ADC-20261007-R1,original_R1_record_preserved,,,,,,,,,,,,,,,,,,,,,,,,
GLOBAL_4568_MATURITY,全球公司地圖,Daiichi Sankyo,能力成熟度,,已商業化平台，但每個新候選/適應症仍獨立驗證,,,,"[""D01"", ""D02"", ""D03"", ""D06""]",,公司或監管公開資料；2026-10-07核對,交割、證券代號、臨床階段或權利更新,ADC-20261007-R1,original_R1_record_preserved,,,,,,,,,,,,,,,,,,,,,,,,
GLOBAL_4568_RELATIONSHIP,全球公司地圖,Daiichi Sankyo,集團及合作關係,,獨立上市集團,,,,"[""D01"", ""D02"", ""D03"", ""D06""]",,公司或監管公開資料；2026-10-07核對,交割、證券代號、臨床階段或權利更新,ADC-20261007-R1,original_R1_record_preserved,,,,,,,,,,,,,,,,,,,,,,,,
GLOBAL_4568_LISTING,全球公司地圖,Daiichi Sankyo,上市交易所與代號,,TSE：4568；listed,證券識別,,,"[""D01"", ""D02"", ""D03"", ""D06""]",,公司或監管公開資料；2026-10-07核對,交割、證券代號、臨床階段或權利更新,ADC-20261007-R1,original_R1_record_preserved,,,,,,,,,,,,,,,,,,,,,,,,
GLOBAL_MRK_ROLE,全球公司地圖,Merck & Co. / MSD,ADC角色與案例,,全球臨床、IO組合、共同商業化；DXd三資產聯盟；MK6070為TCE非ADC,,,,"[""D01"", ""D02"", ""D03""]",,公司或監管公開資料；2026-10-07核對,交割、證券代號、臨床階段或權利更新,ADC-20261007-R1,original_R1_record_preserved,,,,,,,,,,,,,,,,,,,,,,,,
GLOBAL_MRK_MATURITY,全球公司地圖,Merck & Co. / MSD,能力成熟度,,合作已付款與臨床執行，不代表各ADC皆取得核准,,,,"[""D01"", ""D02"", ""D03""]",,公司或監管公開資料；2026-10-07核對,交割、證券代號、臨床階段或權利更新,ADC-20261007-R1,original_R1_record_preserved,,,,,,,,,,,,,,,,,,,,,,,,
GLOBAL_MRK_RELATIONSHIP,全球公司地圖,Merck & Co. / MSD,集團及合作關係,,獨立上市集團,,,,"[""D01"", ""D02"", ""D03""]",,公司或監管公開資料；2026-10-07核對,交割、證券代號、臨床階段或權利更新,ADC-20261007-R1,original_R1_record_preserved,,,,,,,,,,,,,,,,,,,,,,,,
GLOBAL_MRK_LISTING,全球公司地圖,Merck & Co. / MSD,上市交易所與代號,,NYSE：MRK；listed,證券識別,,,"[""D01"", ""D02"", ""D03""]",,公司或監管公開資料；2026-10-07核對,交割、證券代號、臨床階段或權利更新,ADC-20261007-R1,original_R1_record_preserved,,,,,,,,,,,,,,,,,,,,,,,,
GLOBAL_AZN_ROLE,全球公司地圖,AstraZeneca,ADC角色與案例,,全球臨床/共同商業化、內部ADC與整合製造投資；DXd合作；Singapore ADC廠,,,,"[""D01"", ""D24"", ""D28""]",,公司或監管公開資料；2026-10-07核對,交割、證券代號、臨床階段或權利更新,ADC-20261007-R1,original_R1_record_preserved,,,,,,,,,,,,,,,,,,,,,,,,
GLOBAL_AZN_MATURITY,全球公司地圖,AstraZeneca,能力成熟度,,已商業化產品與建廠計畫分列,,,,"[""D01"", ""D24"", ""D28""]",,公司或監管公開資料；2026-10-07核對,交割、證券代號、臨床階段或權利更新,ADC-20261007-R1,original_R1_record_preserved,,,,,,,,,,,,,,,,,,,,,,,,
GLOBAL_AZN_RELATIONSHIP,全球公司地圖,AstraZeneca,集團及合作關係,,獨立上市集團,,,,"[""D01"", ""D24"", ""D28""]",,公司或監管公開資料；2026-10-07核對,交割、證券代號、臨床階段或權利更新,ADC-20261007-R1,original_R1_record_preserved,,,,,,,,,,,,,,,,,,,,,,,,
GLOBAL_AZN_LISTING,全球公司地圖,AstraZeneca,上市交易所與代號,,LSE / Nasdaq Stockholm / NYSE：AZN；listed,證券識別,,,"[""D01"", ""D24"", ""D28""]",,公司或監管公開資料；2026-10-07核對,交割、證券代號、臨床階段或權利更新,ADC-20261007-R1,original_R1_record_preserved,,,,,,,,,,,,,,,,,,,,,,,,
GLOBAL_PFE_ROLE,全球公司地圖,Pfizer,ADC角色與案例,,收購後整合vedotin ADC資產/技術/團隊；Seagen: ADCETRIS/PADCEV/TIVDAK；TUKYSA非ADC,,,,"[""D07"", ""D08"", ""D31""]",,公司或監管公開資料；2026-10-07核對,交割、證券代號、臨床階段或權利更新,ADC-20261007-R1,original_R1_record_preserved,,,,,,,,,,,,,,,,,,,,,,,,
GLOBAL_PFE_MATURITY,全球公司地圖,Pfizer,能力成熟度,,商業化組合+後續管線,,,,"[""D07"", ""D08"", ""D31""]",,公司或監管公開資料；2026-10-07核對,交割、證券代號、臨床階段或權利更新,ADC-20261007-R1,original_R1_record_preserved,,,,,,,,,,,,,,,,,,,,,,,,
GLOBAL_PFE_RELATIONSHIP,全球公司地圖,Pfizer,集團及合作關係,,Seagen已納Pfizer，不能另當現行獨立上市公司,,,,"[""D07"", ""D08"", ""D31""]",,公司或監管公開資料；2026-10-07核對,交割、證券代號、臨床階段或權利更新,ADC-20261007-R1,original_R1_record_preserved,,,,,,,,,,,,,,,,,,,,,,,,
GLOBAL_PFE_LISTING,全球公司地圖,Pfizer,上市交易所與代號,,NYSE：PFE；listed,證券識別,,,"[""D07"", ""D08"", ""D31""]",,公司或監管公開資料；2026-10-07核對,交割、證券代號、臨床階段或權利更新,ADC-20261007-R1,original_R1_record_preserved,,,,,,,,,,,,,,,,,,,,,,,,
GLOBAL_4503_ROLE,全球公司地圖,Astellas,ADC角色與案例,,泌尿腫瘤全球開發與商業執行；PADCEV與Pfizer；pembrolizumab組合,,,,"[""D27""]",,公司或監管公開資料；2026-10-07核對,交割、證券代號、臨床階段或權利更新,ADC-20261007-R1,original_R1_record_preserved,,,,,,,,,,,,,,,,,,,,,,,,
GLOBAL_4503_MATURITY,全球公司地圖,Astellas,能力成熟度,,已商業化；MIBC歐洲擴適應症處CHMP意見,,,,"[""D27""]",,公司或監管公開資料；2026-10-07核對,交割、證券代號、臨床階段或權利更新,ADC-20261007-R1,original_R1_record_preserved,,,,,,,,,,,,,,,,,,,,,,,,
GLOBAL_4503_RELATIONSHIP,全球公司地圖,Astellas,集團及合作關係,,獨立上市集團,,,,"[""D27""]",,公司或監管公開資料；2026-10-07核對,交割、證券代號、臨床階段或權利更新,ADC-20261007-R1,original_R1_record_preserved,,,,,,,,,,,,,,,,,,,,,,,,
GLOBAL_4503_LISTING,全球公司地圖,Astellas,上市交易所與代號,,TSE：4503；listed,證券識別,,,"[""D27""]",,公司或監管公開資料；2026-10-07核對,交割、證券代號、臨床階段或權利更新,ADC-20261007-R1,original_R1_record_preserved,,,,,,,,,,,,,,,,,,,,,,,,
GLOBAL_ABBV_ROLE,全球公司地圖,AbbVie,ADC角色與案例,,FRα商業入口、ADC後續管線與抗體/linker/payload整合；ImmunoGen / ELAHERE,,,,"[""D09"", ""D10"", ""D11"", ""D32""]",,公司或監管公開資料；2026-10-07核對,交割、證券代號、臨床階段或權利更新,ADC-20261007-R1,original_R1_record_preserved,,,,,,,,,,,,,,,,,,,,,,,,
GLOBAL_ABBV_MATURITY,全球公司地圖,AbbVie,能力成熟度,,ELAHERE商業化；不把其他早期資產同列成熟度,,,,"[""D09"", ""D10"", ""D11"", ""D32""]",,公司或監管公開資料；2026-10-07核對,交割、證券代號、臨床階段或權利更新,ADC-20261007-R1,original_R1_record_preserved,,,,,,,,,,,,,,,,,,,,,,,,
GLOBAL_ABBV_RELATIONSHIP,全球公司地圖,AbbVie,集團及合作關係,,ImmunoGen已被收購，不列獨立ticker,,,,"[""D09"", ""D10"", ""D11"", ""D32""]",,公司或監管公開資料；2026-10-07核對,交割、證券代號、臨床階段或權利更新,ADC-20261007-R1,original_R1_record_preserved,,,,,,,,,,,,,,,,,,,,,,,,
GLOBAL_ABBV_LISTING,全球公司地圖,AbbVie,上市交易所與代號,,NYSE：ABBV；listed,證券識別,,,"[""D09"", ""D10"", ""D11"", ""D32""]",,公司或監管公開資料；2026-10-07核對,交割、證券代號、臨床階段或權利更新,ADC-20261007-R1,original_R1_record_preserved,,,,,,,,,,,,,,,,,,,,,,,,
GLOBAL_GILD_ROLE,全球公司地圖,Gilead Sciences,ADC角色與案例,,已上市ADC基礎上補新標的與新工程平台；Trodelvy；Tubulis TUB040/TUB030,,,,"[""D15"", ""D16"", ""D17""]",,公司或監管公開資料；2026-10-07核對,交割、證券代號、臨床階段或權利更新,ADC-20261007-R1,original_R1_record_preserved,,,,,,,,,,,,,,,,,,,,,,,,
GLOBAL_GILD_MATURITY,全球公司地圖,Gilead Sciences,能力成熟度,,Trodelvy商業化；TUB040早期臨床,,,,"[""D15"", ""D16"", ""D17""]",,公司或監管公開資料；2026-10-07核對,交割、證券代號、臨床階段或權利更新,ADC-20261007-R1,original_R1_record_preserved,,,,,,,,,,,,,,,,,,,,,,,,
GLOBAL_GILD_RELATIONSHIP,全球公司地圖,Gilead Sciences,集團及合作關係,,Tubulis為全資子公司,,,,"[""D15"", ""D16"", ""D17""]",,公司或監管公開資料；2026-10-07核對,交割、證券代號、臨床階段或權利更新,ADC-20261007-R1,original_R1_record_preserved,,,,,,,,,,,,,,,,,,,,,,,,
GLOBAL_GILD_LISTING,全球公司地圖,Gilead Sciences,上市交易所與代號,,Nasdaq：GILD；listed,證券識別,,,"[""D15"", ""D16"", ""D17""]",,公司或監管公開資料；2026-10-07核對,交割、證券代號、臨床階段或權利更新,ADC-20261007-R1,original_R1_record_preserved,,,,,,,,,,,,,,,,,,,,,,,,
GLOBAL_BNTX_ROLE,全球公司地圖,BioNTech,ADC角色與案例,,跨ADC/IO全球臨床與商業建置；BNT323/DB1303、BNT324/DB1311與Duality,,,,"[""D12"", ""D26""]",,公司或監管公開資料；2026-10-07核對,交割、證券代號、臨床階段或權利更新,ADC-20261007-R1,original_R1_record_preserved,,,,,,,,,,,,,,,,,,,,,,,,
GLOBAL_BNTX_MATURITY,全球公司地圖,BioNTech,能力成熟度,,多個三期與潛在申請，不能當已核准組合,,,,"[""D12"", ""D26""]",,公司或監管公開資料；2026-10-07核對,交割、證券代號、臨床階段或權利更新,ADC-20261007-R1,original_R1_record_preserved,,,,,,,,,,,,,,,,,,,,,,,,
GLOBAL_BNTX_RELATIONSHIP,全球公司地圖,BioNTech,集團及合作關係,,獨立上市公司；對應合作資產,,,,"[""D12"", ""D26""]",,公司或監管公開資料；2026-10-07核對,交割、證券代號、臨床階段或權利更新,ADC-20261007-R1,original_R1_record_preserved,,,,,,,,,,,,,,,,,,,,,,,,
GLOBAL_BNTX_LISTING,全球公司地圖,BioNTech,上市交易所與代號,,Nasdaq：BNTX；listed,證券識別,,,"[""D12"", ""D26""]",,公司或監管公開資料；2026-10-07核對,交割、證券代號、臨床階段或權利更新,ADC-20261007-R1,original_R1_record_preserved,,,,,,,,,,,,,,,,,,,,,,,,
GLOBAL_09606_ROLE,全球公司地圖,DualityBio,ADC角色與案例,,ADC發現、早期全球試驗、payload/雙抗/雙payload技術；BioNTech資產；Genentech DUPAC,,,,"[""D13"", ""D18""]",,公司或監管公開資料；2026-10-07核對,交割、證券代號、臨床階段或權利更新,ADC-20261007-R1,original_R1_record_preserved,,,,,,,,,,,,,,,,,,,,,,,,
GLOBAL_09606_MATURITY,全球公司地圖,DualityBio,能力成熟度,,臨床資產與臨床前DUPAC分開,,,,"[""D13"", ""D18""]",,公司或監管公開資料；2026-10-07核對,交割、證券代號、臨床階段或權利更新,ADC-20261007-R1,original_R1_record_preserved,,,,,,,,,,,,,,,,,,,,,,,,
GLOBAL_09606_RELATIONSHIP,全球公司地圖,DualityBio,集團及合作關係,,獨立香港上市；STAR受理不等於A股已上市,,,,"[""D13"", ""D18""]",,公司或監管公開資料；2026-10-07核對,交割、證券代號、臨床階段或權利更新,ADC-20261007-R1,original_R1_record_preserved,,,,,,,,,,,,,,,,,,,,,,,,
GLOBAL_09606_LISTING,全球公司地圖,DualityBio,上市交易所與代號,,HKEX：09606；listed,證券識別,,,"[""D13"", ""D18""]",,公司或監管公開資料；2026-10-07核對,交割、證券代號、臨床階段或權利更新,ADC-20261007-R1,original_R1_record_preserved,,,,,,,,,,,,,,,,,,,,,,,,
GLOBAL_ROP_ROLE,全球公司地圖,Roche / Genentech,ADC角色與案例,,成熟腫瘤體系及後續全球開發；Genentech–Duality DUPAC新payload合作,,,,"[""D18"", ""D29""]",,公司或監管公開資料；2026-10-07核對,交割、證券代號、臨床階段或權利更新,ADC-20261007-R1,original_R1_record_preserved,,,,,,,,,,,,,,,,,,,,,,,,
GLOBAL_ROP_MATURITY,全球公司地圖,Roche / Genentech,能力成熟度,,新合作仍早期，不能用既有集團規模替新payload驗證,,,,"[""D18"", ""D29""]",,公司或監管公開資料；2026-10-07核對,交割、證券代號、臨床階段或權利更新,ADC-20261007-R1,original_R1_record_preserved,,,,,,,,,,,,,,,,,,,,,,,,
GLOBAL_ROP_RELATIONSHIP,全球公司地圖,Roche / Genentech,集團及合作關係,,Genentech為Roche全資成員；ROG已換ROP,,,,"[""D18"", ""D29""]",,公司或監管公開資料；2026-10-07核對,交割、證券代號、臨床階段或權利更新,ADC-20261007-R1,original_R1_record_preserved,,,,,,,,,,,,,,,,,,,,,,,,
GLOBAL_ROP_LISTING,全球公司地圖,Roche / Genentech,上市交易所與代號,,SIX：ROP；listed_parent,證券識別,,,"[""D18"", ""D29""]",,公司或監管公開資料；2026-10-07核對,交割、證券代號、臨床階段或權利更新,ADC-20261007-R1,original_R1_record_preserved,,,,,,,,,,,,,,,,,,,,,,,,
GLOBAL_BMY_ROLE,全球公司地圖,Bristol Myers Squibb,ADC角色與案例,,抗體/靶點選擇及後段開發製造；Tubulis P5/Tubutecan授權,,,,"[""D19"", ""D33""]",,公司或監管公開資料；2026-10-07核對,交割、證券代號、臨床階段或權利更新,ADC-20261007-R1,original_R1_record_preserved,,,,,,,,,,,,,,,,,,,,,,,,
GLOBAL_BMY_MATURITY,全球公司地圖,Bristol Myers Squibb,能力成熟度,,平台授權本身不揭示臨床結果,,,,"[""D19"", ""D33""]",,公司或監管公開資料；2026-10-07核對,交割、證券代號、臨床階段或權利更新,ADC-20261007-R1,original_R1_record_preserved,,,,,,,,,,,,,,,,,,,,,,,,
GLOBAL_BMY_RELATIONSHIP,全球公司地圖,Bristol Myers Squibb,集團及合作關係,,獨立上市集團；既有平台合作,,,,"[""D19"", ""D33""]",,公司或監管公開資料；2026-10-07核對,交割、證券代號、臨床階段或權利更新,ADC-20261007-R1,original_R1_record_preserved,,,,,,,,,,,,,,,,,,,,,,,,
GLOBAL_BMY_LISTING,全球公司地圖,Bristol Myers Squibb,上市交易所與代號,,NYSE：BMY；listed,證券識別,,,"[""D19"", ""D33""]",,公司或監管公開資料；2026-10-07核對,交割、證券代號、臨床階段或權利更新,ADC-20261007-R1,original_R1_record_preserved,,,,,,,,,,,,,,,,,,,,,,,,
GLOBAL_JNJ_ROLE,全球公司地圖,Johnson & Johnson / Ambrx,ADC角色與案例,,合成生物學ADC工程與前列腺癌開發；Ambrx / PSMA ADC ARX517,,,,"[""D25"", ""D34""]",,公司或監管公開資料；2026-10-07核對,交割、證券代號、臨床階段或權利更新,ADC-20261007-R1,original_R1_record_preserved,,,,,,,,,,,,,,,,,,,,,,,,
GLOBAL_JNJ_MATURITY,全球公司地圖,Johnson & Johnson / Ambrx,能力成熟度,,臨床資產/平台收購,,,,"[""D25"", ""D34""]",,公司或監管公開資料；2026-10-07核對,交割、證券代號、臨床階段或權利更新,ADC-20261007-R1,original_R1_record_preserved,,,,,,,,,,,,,,,,,,,,,,,,
GLOBAL_JNJ_RELATIONSHIP,全球公司地圖,Johnson & Johnson / Ambrx,集團及合作關係,,Ambrx於2024被收購，不列現行AMAM,,,,"[""D25"", ""D34""]",,公司或監管公開資料；2026-10-07核對,交割、證券代號、臨床階段或權利更新,ADC-20261007-R1,original_R1_record_preserved,,,,,,,,,,,,,,,,,,,,,,,,
GLOBAL_JNJ_LISTING,全球公司地圖,Johnson & Johnson / Ambrx,上市交易所與代號,,NYSE：JNJ；listed,證券識別,,,"[""D25"", ""D34""]",,公司或監管公開資料；2026-10-07核對,交割、證券代號、臨床階段或權利更新,ADC-20261007-R1,original_R1_record_preserved,,,,,,,,,,,,,,,,,,,,,,,,
GLOBAL_LONN_ROLE,全球公司地圖,Lonza / Synaffix,ADC角色與案例,,特定位點偶聯、payload-linker與端到端CDMO；GlycoConnect/HydraSpace/toxSYN；Oss/Visp,,,,"[""D21"", ""D22"", ""D30""]",,公司或監管公開資料；2026-10-07核對,交割、證券代號、臨床階段或權利更新,ADC-20261007-R1,original_R1_record_preserved,,,,,,,,,,,,,,,,,,,,,,,,
GLOBAL_LONN_MATURITY,全球公司地圖,Lonza / Synaffix,能力成熟度,,平台/材料/方法/製造服務，不列療效排行榜,,,,"[""D21"", ""D22"", ""D30""]",,公司或監管公開資料；2026-10-07核對,交割、證券代號、臨床階段或權利更新,ADC-20261007-R1,original_R1_record_preserved,,,,,,,,,,,,,,,,,,,,,,,,
GLOBAL_LONN_RELATIONSHIP,全球公司地圖,Lonza / Synaffix,集團及合作關係,,Synaffix技術2026已整合Lonza,,,,"[""D21"", ""D22"", ""D30""]",,公司或監管公開資料；2026-10-07核對,交割、證券代號、臨床階段或權利更新,ADC-20261007-R1,original_R1_record_preserved,,,,,,,,,,,,,,,,,,,,,,,,
GLOBAL_LONN_LISTING,全球公司地圖,Lonza / Synaffix,上市交易所與代號,,SIX：LONN；listed,證券識別,,,"[""D21"", ""D22"", ""D30""]",,公司或監管公開資料；2026-10-07核對,交割、證券代號、臨床階段或權利更新,ADC-20261007-R1,original_R1_record_preserved,,,,,,,,,,,,,,,,,,,,,,,,
GLOBAL_2268_ROLE,全球公司地圖,WuXi XDC,ADC角色與案例,,抗體中間體、payload/linker、偶聯原液及成品CRDMO；中國多地+Singapore BCM3/DP4,,,,"[""D23""]",,公司或監管公開資料；2026-10-07核對,交割、證券代號、臨床階段或權利更新,ADC-20261007-R1,original_R1_record_preserved,,,,,,,,,,,,,,,,,,,,,,,,
GLOBAL_2268_MATURITY,全球公司地圖,WuXi XDC,能力成熟度,,公司公開GMP release與名義產能；產品核准另核,,,,"[""D23""]",,公司或監管公開資料；2026-10-07核對,交割、證券代號、臨床階段或權利更新,ADC-20261007-R1,original_R1_record_preserved,,,,,,,,,,,,,,,,,,,,,,,,
GLOBAL_2268_RELATIONSHIP,全球公司地圖,WuXi XDC,集團及合作關係,,獨立上市主體；勿與WuXi其他實體混用,,,,"[""D23""]",,公司或監管公開資料；2026-10-07核對,交割、證券代號、臨床階段或權利更新,ADC-20261007-R1,original_R1_record_preserved,,,,,,,,,,,,,,,,,,,,,,,,
GLOBAL_2268_LISTING,全球公司地圖,WuXi XDC,上市交易所與代號,,HKEX：2268；listed,證券識別,,,"[""D23""]",,公司或監管公開資料；2026-10-07核對,交割、證券代號、臨床階段或權利更新,ADC-20261007-R1,original_R1_record_preserved,,,,,,,,,,,,,,,,,,,,,,,,
GLOBAL_SMMT_ROLE,全球公司地圖,Summit Therapeutics,ADC角色與案例,,ivonescimab 與 ADC 的療程組合開發合作方；Datroway + ivonescimab 臨床合作；AZ 已完成 20 億美元股權投資,,,,"[""R07"", ""R08""]",,公司或監管公開資料；2026-10-07核對,交割、證券代號、臨床階段或權利更新,ADC-20261007-R1,original_R1_record_preserved,,,,,,,,,,,,,,,,,,,,,,,,
GLOBAL_SMMT_MATURITY,全球公司地圖,Summit Therapeutics,能力成熟度,,2026-10-02 宣布合作，擬先做第一線 TNBC 三期；不能寫試驗已啟動,,,,"[""R07"", ""R08""]",,公司或監管公開資料；2026-10-07核對,交割、證券代號、臨床階段或權利更新,ADC-20261007-R1,original_R1_record_preserved,,,,,,,,,,,,,,,,,,,,,,,,
GLOBAL_SMMT_RELATIONSHIP,全球公司地圖,Summit Therapeutics,集團及合作關係,,獨立上市公司；股權投資不是 ADC 授權買斷,,,,"[""R07"", ""R08""]",,公司或監管公開資料；2026-10-07核對,交割、證券代號、臨床階段或權利更新,ADC-20261007-R1,original_R1_record_preserved,,,,,,,,,,,,,,,,,,,,,,,,
GLOBAL_SMMT_LISTING,全球公司地圖,Summit Therapeutics,上市交易所與代號,,Nasdaq：SMMT；listed,證券識別,,,"[""R07"", ""R08""]",,公司或監管公開資料；2026-10-07核對,交割、證券代號、臨床階段或權利更新,ADC-20261007-R1,original_R1_record_preserved,,,,,,,,,,,,,,,,,,,,,,,,
TW_OBI_ROLE,台灣能力地圖,台灣浩鼎生技股份有限公司,ADC角色,,創新ADC資產與偶聯平台,,,,"[""T01"", ""T02"", ""T03"", ""T04""]",,公開能力範圍整理,具名臨床、驗證批、CTA審查、授權或供應公告更新,ADC-20261007-R1,original_R1_record_preserved,,,,,,,,,,,,,,,,,,,,,,,,
TW_OBI_CAPABILITY,台灣能力地圖,台灣浩鼎生技股份有限公司,具體技術與交付環節,,GlycOBI醣位點偶聯；OBI-902 TROP2 ADC；另有Nectin-4、雙抗及雙載荷臨床前計畫。,,,,"[""T01"", ""T02"", ""T03"", ""T04""]",,公司或研究法人公開說明,具名臨床、驗證批、CTA審查、授權或供應公告更新,ADC-20261007-R1,original_R1_record_preserved,,,,,,,,,,,,,,,,,,,,,,,,
TW_OBI_MATURITY,台灣能力地圖,台灣浩鼎生技股份有限公司,證據成熟度,,OBI-902一期收案中；OBI-992一期/二期登錄為進行中但不再收案；TegMine商業授權已公告。,,,,"[""T01"", ""T02"", ""T03"", ""T04""]",,具名公告及登錄狀態,具名臨床、驗證批、CTA審查、授權或供應公告更新,ADC-20261007-R1,original_R1_record_preserved,,,,,,,,,,,,,,,,,,,,,,,,
TW_OBI_ESTABLISHED,台灣能力地圖,台灣浩鼎生技股份有限公司,已建立公開證據,,具名ADC已進入人體試驗，登錄可核對。；TegMine提供抗體、浩鼎形成ADC之授權關係有公開公司發稿。,,,,"[""T01"", ""T02"", ""T03"", ""T04""]",,公開具名活動證據,具名臨床、驗證批、CTA審查、授權或供應公告更新,ADC-20261007-R1,original_R1_record_preserved,,,,,,,,,,,,,,,,,,,,,,,,
TW_OBI_CLAIM,台灣能力地圖,台灣浩鼎生技股份有限公司,公司主張,,均質性、親水性、可放大及動物抗腫瘤表現。,,,,"[""T01"", ""T02"", ""T03"", ""T04""]",,公司主張，非獨立臨床驗證,具名臨床、驗證批、CTA審查、授權或供應公告更新,ADC-20261007-R1,original_R1_record_preserved,,,,,,,,,,,,,,,,,,,,,,,,
TW_OBI_INTERPRETATION,台灣能力地圖,台灣浩鼎生技股份有限公司,研究判斷,,若人體PK、可持續給藥與毒性結果延續臨床前優勢，偶聯一致性才有機會轉成藥廠可接受的產品差異。,,,,"[""T01"", ""T02"", ""T03"", ""T04""]",,作者推論,具名臨床、驗證批、CTA審查、授權或供應公告更新,ADC-20261007-R1,original_R1_record_preserved,,,,,,,,,,,,,,,,,,,,,,,,
TW_OBI_GAP,台灣能力地圖,台灣浩鼎生技股份有限公司,尚待補足證據,,尚無本輪可採用的人體對照優效證據。；授權簽約金及里程碑金額、實收現金未公開。,,,,"[""T01"", ""T02"", ""T03"", ""T04""]",,公開證據範圍與缺口,具名臨床、驗證批、CTA審查、授權或供應公告更新,ADC-20261007-R1,original_R1_record_preserved,,,,,,,,,,,,,,,,,,,,,,,,
TW_OBI_LISTING,台灣能力地圖,台灣浩鼎生技股份有限公司,上市櫃身分與代號,,上櫃；TPEx；代號：4174,證券識別,,,"[""T18""]",,官方機構或公司投資人資訊,上市櫃轉換、更名、收購或代號改變,ADC-20261007-R1,original_R1_record_preserved,,,,,,,,,,,,,,,,,,,,,,,,
TW_OBI_STATE_SOURCES,台灣能力地圖,台灣浩鼎生技股份有限公司,能力狀態及上市來源分離,,"state_source_ids=T01,T02,T03,T04；listing_source_ids=T18；截至2026-10-07核對，原頁更新日未知者不補日期。",,,,"[""T01"", ""T02"", ""T03"", ""T04"", ""T18""]",,來源追溯索引,新增原始資料、監管狀態或公司正式更新時覆核,ADC-20261007-R1,original_R1_record_preserved,,,,,,,,,,,,,,,,,,,,,,,,
TW_GNX_ROLE,台灣能力地圖,台灣醣聯生技醫藥股份有限公司,ADC角色,,新醣抗原靶向ADC,,,,"[""T05""]",,公開能力範圍整理,具名臨床、驗證批、CTA審查、授權或供應公告更新,ADC-20261007-R1,original_R1_record_preserved,,,,,,,,,,,,,,,,,,,,,,,,
TW_GNX_CAPABILITY,台灣能力地圖,台灣醣聯生技醫藥股份有限公司,具體技術與交付環節,,GNX1021針對branched Lewis B/Y（bLeB/Y）癌症相關醣抗原，來自GlycoSH抗體庫。,,,,"[""T05""]",,公司或研究法人公開說明,具名臨床、驗證批、CTA審查、授權或供應公告更新,ADC-20261007-R1,original_R1_record_preserved,,,,,,,,,,,,,,,,,,,,,,,,
TW_GNX_MATURITY,台灣能力地圖,台灣醣聯生技醫藥股份有限公司,證據成熟度,,2026-08-03公司公告日本首位病人給藥；日本/台灣多中心一期首次人體研究。,,,,"[""T05""]",,具名公告及登錄狀態,具名臨床、驗證批、CTA審查、授權或供應公告更新,ADC-20261007-R1,original_R1_record_preserved,,,,,,,,,,,,,,,,,,,,,,,,
TW_GNX_ESTABLISHED,台灣能力地圖,台灣醣聯生技醫藥股份有限公司,已建立公開證據,,具名候選藥物及首位病人給藥公告。,,,,"[""T05""]",,公開具名活動證據,具名臨床、驗證批、CTA審查、授權或供應公告更新,ADC-20261007-R1,original_R1_record_preserved,,,,,,,,,,,,,,,,,,,,,,,,
TW_GNX_CLAIM,台灣能力地圖,台灣醣聯生技醫藥股份有限公司,公司主張,,腫瘤醣抗原分布與相對有限的正常組織表現有望改善選擇性。,,,,"[""T05""]",,公司主張，非獨立臨床驗證,具名臨床、驗證批、CTA審查、授權或供應公告更新,ADC-20261007-R1,original_R1_record_preserved,,,,,,,,,,,,,,,,,,,,,,,,
TW_GNX_INTERPRETATION,台灣能力地圖,台灣醣聯生技醫藥股份有限公司,研究判斷,,新抗原有機會避開部分既有蛋白靶點競爭；需要人體資料確認正常組織風險及可治療人群，不能只用『新靶點』加分。,,,,"[""T05""]",,作者推論,具名臨床、驗證批、CTA審查、授權或供應公告更新,ADC-20261007-R1,original_R1_record_preserved,,,,,,,,,,,,,,,,,,,,,,,,
TW_GNX_GAP,台灣能力地圖,台灣醣聯生技醫藥股份有限公司,尚待補足證據,,本輪未完整取得可交叉驗證的GNX1021官方試驗登錄。；未取得成熟的人體療效與安全性數據；GNX102裸抗體舊一期不得替代。,,,,"[""T05""]",,公開證據範圍與缺口,具名臨床、驗證批、CTA審查、授權或供應公告更新,ADC-20261007-R1,original_R1_record_preserved,,,,,,,,,,,,,,,,,,,,,,,,
TW_GNX_LISTING,台灣能力地圖,台灣醣聯生技醫藥股份有限公司,上市櫃身分與代號,,上櫃；TPEx；代號：4168,證券識別,,,"[""T19""]",,官方機構或公司投資人資訊,上市櫃轉換、更名、收購或代號改變,ADC-20261007-R1,original_R1_record_preserved,,,,,,,,,,,,,,,,,,,,,,,,
TW_GNX_STATE_SOURCES,台灣能力地圖,台灣醣聯生技醫藥股份有限公司,能力狀態及上市來源分離,,state_source_ids=T05；listing_source_ids=T19；截至2026-10-07核對，原頁更新日未知者不補日期。,,,,"[""T05"", ""T19""]",,來源追溯索引,新增原始資料、監管狀態或公司正式更新時覆核,ADC-20261007-R1,original_R1_record_preserved,,,,,,,,,,,,,,,,,,,,,,,,
TW_FORMOSA_PHARMA_ROLE,台灣能力地圖,台新藥股份有限公司,ADC角色,,ADC生物相似藥與引進創新ADC,,,,"[""T06"", ""T07"", ""T08""]",,公開能力範圍整理,具名臨床、驗證批、CTA審查、授權或供應公告更新,ADC-20261007-R1,original_R1_record_preserved,,,,,,,,,,,,,,,,,,,,,,,,
TW_FORMOSA_PHARMA_CAPABILITY,台灣能力地圖,台新藥股份有限公司,具體技術與交付環節,,TSY-110/EG12043參照Kadcyla；TSY-310為EGFR×ROR1雙特異ADC，原ALM-401。,,,,"[""T06"", ""T07"", ""T08""]",,公司或研究法人公開說明,具名臨床、驗證批、CTA審查、授權或供應公告更新,ADC-20261007-R1,original_R1_record_preserved,,,,,,,,,,,,,,,,,,,,,,,,
TW_FORMOSA_PHARMA_MATURITY,台灣能力地圖,台新藥股份有限公司,證據成熟度,,TSY-110於2026-08-28公告歐洲CTA已遞交；TSY-310仍為臨床前資料階段。,,,,"[""T06"", ""T07"", ""T08""]",,具名公告及登錄狀態,具名臨床、驗證批、CTA審查、授權或供應公告更新,ADC-20261007-R1,original_R1_record_preserved,,,,,,,,,,,,,,,,,,,,,,,,
TW_FORMOSA_PHARMA_ESTABLISHED,台灣能力地圖,台新藥股份有限公司,已建立公開證據,,TSY-110與台康共同開發及CTA遞交。；TSY-310具名EGFR×ROR1方案與2026 ASCO臨床前資料公告；Almac官方確認2025年授權。,,,,"[""T06"", ""T07"", ""T08""]",,公開具名活動證據,具名臨床、驗證批、CTA審查、授權或供應公告更新,ADC-20261007-R1,original_R1_record_preserved,,,,,,,,,,,,,,,,,,,,,,,,
TW_FORMOSA_PHARMA_CLAIM,台灣能力地圖,台新藥股份有限公司,公司主張,,TSY-110分析相似性、DAR一致性；TSY-310的內吞與旁觀者殺傷。,,,,"[""T06"", ""T07"", ""T08""]",,公司主張，非獨立臨床驗證,具名臨床、驗證批、CTA審查、授權或供應公告更新,ADC-20261007-R1,original_R1_record_preserved,,,,,,,,,,,,,,,,,,,,,,,,
TW_FORMOSA_PHARMA_INTERPRETATION,台灣能力地圖,台新藥股份有限公司,研究判斷,,生物相似ADC的買單依據是相似性、供貨與可近性；若原研治療地位改變，仍須重估可服務市場。新型雙抗ADC則須另外證明治療窗。,,,,"[""T06"", ""T07"", ""T08""]",,作者推論,具名臨床、驗證批、CTA審查、授權或供應公告更新,ADC-20261007-R1,original_R1_record_preserved,,,,,,,,,,,,,,,,,,,,,,,,
TW_FORMOSA_PHARMA_GAP,台灣能力地圖,台新藥股份有限公司,尚待補足證據,,本輪未取得TSY-110 CTA正式核准或首位病人給藥公告。；不能將公司早期爭取三期豁免的規畫寫成已獲准。；TSY-310尚無人體比較優勢證據。,,,,"[""T06"", ""T07"", ""T08""]",,公開證據範圍與缺口,具名臨床、驗證批、CTA審查、授權或供應公告更新,ADC-20261007-R1,original_R1_record_preserved,,,,,,,,,,,,,,,,,,,,,,,,
TW_FORMOSA_PHARMA_LISTING,台灣能力地圖,台新藥股份有限公司,上市櫃身分與代號,,上市；TWSE；代號：6838,證券識別,,,"[""T17""]",2026-10-07,交易所個股資訊,上市櫃轉換、更名、收購或代號改變,ADC-20261007-R1,original_R1_record_preserved,,,,,,,,,,,,,,,,,,,,,,,,
TW_FORMOSA_PHARMA_STATE_SOURCES,台灣能力地圖,台新藥股份有限公司,能力狀態及上市來源分離,,"state_source_ids=T06,T07,T08；listing_source_ids=T17；截至2026-10-07核對，原頁更新日未知者不補日期。",,,,"[""T06"", ""T07"", ""T08"", ""T17""]",,來源追溯索引,新增原始資料、監管狀態或公司正式更新時覆核,ADC-20261007-R1,original_R1_record_preserved,,,,,,,,,,,,,,,,,,,,,,,,
TW_EIRGENIX_ROLE,台灣能力地圖,台康生技股份有限公司,ADC角色,,抗體、分析與ADC共同開發,,,,"[""T06"", ""T09""]",,公開能力範圍整理,具名臨床、驗證批、CTA審查、授權或供應公告更新,ADC-20261007-R1,original_R1_record_preserved,,,,,,,,,,,,,,,,,,,,,,,,
TW_EIRGENIX_CAPABILITY,台灣能力地圖,台康生技股份有限公司,具體技術與交付環節,,抗體細胞株/製程/分析/GMP製造；與台耀合作ADC偶聯鏈；共同開發TSY-110/EG12043。,,,,"[""T06"", ""T09""]",,公司或研究法人公開說明,具名臨床、驗證批、CTA審查、授權或供應公告更新,ADC-20261007-R1,original_R1_record_preserved,,,,,,,,,,,,,,,,,,,,,,,,
TW_EIRGENIX_MATURITY,台灣能力地圖,台康生技股份有限公司,證據成熟度,,已具抗體GMP服務及與ADC候選藥物相連的共同開發活動；TSY-110 CTA已遞交。,,,,"[""T06"", ""T09""]",,具名公告及登錄狀態,具名臨床、驗證批、CTA審查、授權或供應公告更新,ADC-20261007-R1,original_R1_record_preserved,,,,,,,,,,,,,,,,,,,,,,,,
TW_EIRGENIX_ESTABLISHED,台灣能力地圖,台康生技股份有限公司,已建立公開證據,,官方ADC服務頁明確列出台耀伙伴及抗體/高活性化學整合。；TSY-110共同開發身份於2026-08-28公告可核對。,,,,"[""T06"", ""T09""]",,公開具名活動證據,具名臨床、驗證批、CTA審查、授權或供應公告更新,ADC-20261007-R1,original_R1_record_preserved,,,,,,,,,,,,,,,,,,,,,,,,
TW_EIRGENIX_CLAIM,台灣能力地圖,台康生技股份有限公司,公司主張,,提供由概念到臨床用偶聯物的整合服務。,,,,"[""T06"", ""T09""]",,公司主張，非獨立臨床驗證,具名臨床、驗證批、CTA審查、授權或供應公告更新,ADC-20261007-R1,original_R1_record_preserved,,,,,,,,,,,,,,,,,,,,,,,,
TW_EIRGENIX_INTERPRETATION,台灣能力地圖,台康生技股份有限公司,研究判斷,,抗體批次一致性與後續偶聯相容性，可降低跨供應商交接成本；能否取得商業ADC工作仍需看具體專案驗證。,,,,"[""T06"", ""T09""]",,作者推論,具名臨床、驗證批、CTA審查、授權或供應公告更新,ADC-20261007-R1,original_R1_record_preserved,,,,,,,,,,,,,,,,,,,,,,,,
TW_EIRGENIX_GAP,台灣能力地圖,台康生技股份有限公司,尚待補足證據,,不能以trastuzumab抗體廠查核或一般生物藥產能推論所有ADC均已商業量產。；未公開專案別ADC訂單金額、批次成本與產能利用率。,,,,"[""T06"", ""T09""]",,公開證據範圍與缺口,具名臨床、驗證批、CTA審查、授權或供應公告更新,ADC-20261007-R1,original_R1_record_preserved,,,,,,,,,,,,,,,,,,,,,,,,
TW_EIRGENIX_LISTING,台灣能力地圖,台康生技股份有限公司,上市櫃身分與代號,,上市；TWSE；代號：6589,證券識別,,,"[""T16""]",2026-10-07,交易所個股資訊,上市櫃轉換、更名、收購或代號改變,ADC-20261007-R1,original_R1_record_preserved,,,,,,,,,,,,,,,,,,,,,,,,
TW_EIRGENIX_STATE_SOURCES,台灣能力地圖,台康生技股份有限公司,能力狀態及上市來源分離,,"state_source_ids=T06,T09；listing_source_ids=T16；截至2026-10-07核對，原頁更新日未知者不補日期。",,,,"[""T06"", ""T09"", ""T16""]",,來源追溯索引,新增原始資料、監管狀態或公司正式更新時覆核,ADC-20261007-R1,original_R1_record_preserved,,,,,,,,,,,,,,,,,,,,,,,,
TW_FORMOSA_LAB_ROLE,台灣能力地圖,台耀化學股份有限公司,ADC角色,,高活性化學、連接子載荷、偶聯與製劑,,,,"[""T09"", ""T10"", ""T11""]",,公開能力範圍整理,具名臨床、驗證批、CTA審查、授權或供應公告更新,ADC-20261007-R1,original_R1_record_preserved,,,,,,,,,,,,,,,,,,,,,,,,
TW_FORMOSA_LAB_CAPABILITY,台灣能力地圖,台耀化學股份有限公司,具體技術與交付環節,,Linker/payload設計合成、偶聯、TFF與層析、液體充填/凍乾；ADC設施頁列30–200 L偶聯反應器。,,,,"[""T09"", ""T10"", ""T11""]",,公司或研究法人公開說明,具名臨床、驗證批、CTA審查、授權或供應公告更新,ADC-20261007-R1,original_R1_record_preserved,,,,,,,,,,,,,,,,,,,,,,,,
TW_FORMOSA_LAB_MATURITY,台灣能力地圖,台耀化學股份有限公司,證據成熟度,,公司公開服務頁表示已有臨床供藥經驗，並公開具體ADC設施配置。,,,,"[""T09"", ""T10"", ""T11""]",,具名公告及登錄狀態,具名臨床、驗證批、CTA審查、授權或供應公告更新,ADC-20261007-R1,original_R1_record_preserved,,,,,,,,,,,,,,,,,,,,,,,,
TW_FORMOSA_LAB_ESTABLISHED,台灣能力地圖,台耀化學股份有限公司,已建立公開證據,,ADC服務與設施各有具體官方頁面。；台康ADC合作頁可交叉確認合作鏈。,,,,"[""T09"", ""T10"", ""T11""]",,公開具名活動證據,具名臨床、驗證批、CTA審查、授權或供應公告更新,ADC-20261007-R1,original_R1_record_preserved,,,,,,,,,,,,,,,,,,,,,,,,
TW_FORMOSA_LAB_CLAIM,台灣能力地圖,台耀化學股份有限公司,公司主張,,既有供應美歐亞洲臨床藥物經驗；HPAPI廠通過國際GMP查廠。,,,,"[""T09"", ""T10"", ""T11""]",,公司主張，非獨立臨床驗證,具名臨床、驗證批、CTA審查、授權或供應公告更新,ADC-20261007-R1,original_R1_record_preserved,,,,,,,,,,,,,,,,,,,,,,,,
TW_FORMOSA_LAB_INTERPRETATION,台灣能力地圖,台耀化學股份有限公司,研究判斷,,HPAPI處理加上可重現偶聯、純化和充填，形成具體交付環節；槽體體積本身無法回答每批合格ADC產量或成本。,,,,"[""T09"", ""T10"", ""T11""]",,作者推論,具名臨床、驗證批、CTA審查、授權或供應公告更新,ADC-20261007-R1,original_R1_record_preserved,,,,,,,,,,,,,,,,,,,,,,,,
TW_FORMOSA_LAB_GAP,台灣能力地圖,台耀化學股份有限公司,尚待補足證據,,公開30–200 L為設備規格，非可售商業年產量。；網站15件活躍專案及50 kg擴充願景資料日期不明，不採為2026實際訂單/產能。；沒有足以重算每批回收率、放行失敗率及成本的公開數據。,,,,"[""T09"", ""T10"", ""T11""]",,公開證據範圍與缺口,具名臨床、驗證批、CTA審查、授權或供應公告更新,ADC-20261007-R1,original_R1_record_preserved,,,,,,,,,,,,,,,,,,,,,,,,
TW_FORMOSA_LAB_LISTING,台灣能力地圖,台耀化學股份有限公司,上市櫃身分與代號,,上市；TWSE；代號：4746,證券識別,,,"[""T15""]",2026-10-06,交易所個股資訊,上市櫃轉換、更名、收購或代號改變,ADC-20261007-R1,original_R1_record_preserved,,,,,,,,,,,,,,,,,,,,,,,,
TW_FORMOSA_LAB_STATE_SOURCES,台灣能力地圖,台耀化學股份有限公司,能力狀態及上市來源分離,,"state_source_ids=T09,T10,T11；listing_source_ids=T15；截至2026-10-07核對，原頁更新日未知者不補日期。",,,,"[""T09"", ""T10"", ""T11"", ""T15""]",,來源追溯索引,新增原始資料、監管狀態或公司正式更新時覆核,ADC-20261007-R1,original_R1_record_preserved,,,,,,,,,,,,,,,,,,,,,,,,
TW_MYCENAX_ROLE,台灣能力地圖,永昕生物醫藥股份有限公司,ADC角色,,偶聯開發、連接子選項及CDMO聯盟,,,,"[""T12"", ""T13""]",,公開能力範圍整理,具名臨床、驗證批、CTA審查、授權或供應公告更新,ADC-20261007-R1,original_R1_record_preserved,,,,,,,,,,,,,,,,,,,,,,,,
TW_MYCENAX_CAPABILITY,台灣能力地圖,永昕生物醫藥股份有限公司,具體技術與交付環節,,ConjuMX、Multi-Arm Linker與RIN VLK linker；連結建誼小分子/ADC及Spera DS/DP服務。,,,,"[""T12"", ""T13""]",,公司或研究法人公開說明,具名臨床、驗證批、CTA審查、授權或供應公告更新,ADC-20261007-R1,original_R1_record_preserved,,,,,,,,,,,,,,,,,,,,,,,,
TW_MYCENAX_MATURITY,台灣能力地圖,永昕生物醫藥股份有限公司,證據成熟度,,2025-10-31 VLK全球CDMO使用授權；公司目前服務頁稱GMP級50 L及已製出DAR8 anti-IF ADC。,,,,"[""T12"", ""T13""]",,具名公告及登錄狀態,具名臨床、驗證批、CTA審查、授權或供應公告更新,ADC-20261007-R1,original_R1_record_preserved,,,,,,,,,,,,,,,,,,,,,,,,
TW_MYCENAX_ESTABLISHED,台灣能力地圖,永昕生物醫藥股份有限公司,已建立公開證據,,VLK使用授權及合作主體有具名公告。,,,,"[""T12"", ""T13""]",,公開具名活動證據,具名臨床、驗證批、CTA審查、授權或供應公告更新,ADC-20261007-R1,original_R1_record_preserved,,,,,,,,,,,,,,,,,,,,,,,,
TW_MYCENAX_CLAIM,台灣能力地圖,永昕生物醫藥股份有限公司,公司主張,,50 L GMP偶聯生產、逾25 ADC經驗及DAR8 ADC製備。,,,,"[""T12"", ""T13""]",,公司主張，非獨立臨床驗證,具名臨床、驗證批、CTA審查、授權或供應公告更新,ADC-20261007-R1,original_R1_record_preserved,,,,,,,,,,,,,,,,,,,,,,,,
TW_MYCENAX_INTERPRETATION,台灣能力地圖,永昕生物醫藥股份有限公司,研究判斷,,可供選用的連接子與供應鏈整合有助於減少早期試錯；真正差異在客戶分子的穩定性、放大後品質與一致交付。,,,,"[""T12"", ""T13""]",,作者推論,具名臨床、驗證批、CTA審查、授權或供應公告更新,ADC-20261007-R1,original_R1_record_preserved,,,,,,,,,,,,,,,,,,,,,,,,
TW_MYCENAX_GAP,台灣能力地圖,永昕生物醫藥股份有限公司,尚待補足證據,,RIN anti-TMEM180裸抗體一期供藥不能移植為anti-IF ADC一期進展。；本輪未取得Multi-Arm或VLK ADC的人體比較數據。；未公開專案別商業ADC放行、稼動率或訂單現金。,,,,"[""T12"", ""T13""]",,公開證據範圍與缺口,具名臨床、驗證批、CTA審查、授權或供應公告更新,ADC-20261007-R1,original_R1_record_preserved,,,,,,,,,,,,,,,,,,,,,,,,
TW_MYCENAX_LISTING,台灣能力地圖,永昕生物醫藥股份有限公司,上市櫃身分與代號,,上櫃；TPEx；代號：4726,證券識別,,,"[""T20""]",,官方機構或公司投資人資訊,上市櫃轉換、更名、收購或代號改變,ADC-20261007-R1,original_R1_record_preserved,,,,,,,,,,,,,,,,,,,,,,,,
TW_MYCENAX_STATE_SOURCES,台灣能力地圖,永昕生物醫藥股份有限公司,能力狀態及上市來源分離,,"state_source_ids=T12,T13；listing_source_ids=T20；截至2026-10-07核對，原頁更新日未知者不補日期。",,,,"[""T12"", ""T13"", ""T20""]",,來源追溯索引,新增原始資料、監管狀態或公司正式更新時覆核,ADC-20261007-R1,original_R1_record_preserved,,,,,,,,,,,,,,,,,,,,,,,,
TW_DCB_ROLE,台灣能力地圖,財團法人生物技術開發中心,ADC角色,,可技轉的胞內遞送技術,,,,"[""T14""]",,公開能力範圍整理,具名臨床、驗證批、CTA審查、授權或供應公告更新,ADC-20261007-R1,historical_R1_record_T14_source_pending,,,,,,,,,,,,,,,,,,,,,,,,
TW_DCB_CAPABILITY,台灣能力地圖,財團法人生物技術開發中心,具體技術與交付環節,,LYSward依酸性環境調控抗體與抗原的結合，促進ADC與抗原在內吞後分流，增加送往溶小體的機會。,,,,"[""T14""]",,公司或研究法人公開說明,具名臨床、驗證批、CTA審查、授權或供應公告更新,ADC-20261007-R1,historical_R1_record_T14_source_pending,,,,,,,,,,,,,,,,,,,,,,,,
TW_DCB_MATURITY,台灣能力地圖,財團法人生物技術開發中心,證據成熟度,,2026-04-09更新之公開可技轉技術；屬臨床前。,,,,"[""T14""]",,具名公告及登錄狀態,具名臨床、驗證批、CTA審查、授權或供應公告更新,ADC-20261007-R1,historical_R1_record_T14_source_pending,,,,,,,,,,,,,,,,,,,,,,,,
TW_DCB_ESTABLISHED,台灣能力地圖,財團法人生物技術開發中心,已建立公開證據,,有明確命名平台、機制描述及接受技術者條件。,,,,"[""T14""]",,公開具名活動證據,具名臨床、驗證批、CTA審查、授權或供應公告更新,ADC-20261007-R1,historical_R1_record_T14_source_pending,,,,,,,,,,,,,,,,,,,,,,,,
TW_DCB_CLAIM,台灣能力地圖,財團法人生物技術開發中心,公司主張,,提升細胞內藥物累積，改善低抗原表現模型效果。,,,,"[""T14""]",,公司主張，非獨立臨床驗證,具名臨床、驗證批、CTA審查、授權或供應公告更新,ADC-20261007-R1,historical_R1_record_T14_source_pending,,,,,,,,,,,,,,,,,,,,,,,,
TW_DCB_INTERPRETATION,台灣能力地圖,財團法人生物技術開發中心,研究判斷,,這條路線針對『藥物進細胞後去哪裡』；若與適合抗體/靶點搭配，可能成為標的相同但胞內遞送不同的可測試差異。,,,,"[""T14""]",,作者推論,具名臨床、驗證批、CTA審查、授權或供應公告更新,ADC-20261007-R1,historical_R1_record_T14_source_pending,,,,,,,,,,,,,,,,,,,,,,,,
TW_DCB_GAP,台灣能力地圖,財團法人生物技術開發中心,尚待補足證據,,尚無本輪可採用的人體數據、具名技轉成交或商業ADC製造證據。；不把pH依賴抗體設計等同於酸敏感linker。,,,,"[""T14""]",,公開證據範圍與缺口,具名臨床、驗證批、CTA審查、授權或供應公告更新,ADC-20261007-R1,historical_R1_record_T14_source_pending,,,,,,,,,,,,,,,,,,,,,,,,
TW_DCB_LISTING,台灣能力地圖,財團法人生物技術開發中心,上市櫃身分與代號,,研究法人（不適用）；不適用；代號：不適用,證券識別,,,"[""T14""]",2026-04-09,官方機構或公司投資人資訊,上市櫃轉換、更名、收購或代號改變,ADC-20261007-R1,historical_R1_record_T14_source_pending,,,,,,,,,,,,,,,,,,,,,,,,
TW_DCB_STATE_SOURCES,台灣能力地圖,財團法人生物技術開發中心,能力狀態及上市來源分離,,state_source_ids=T14；listing_source_ids=；截至2026-10-07核對，原頁更新日未知者不補日期。,,,,"[""T14""]",,來源追溯索引,新增原始資料、監管狀態或公司正式更新時覆核,ADC-20261007-R1,historical_R1_record_T14_source_pending,,,,,,,,,,,,,,,,,,,,,,,,
TW_FORMOSA_LAB_CAPACITY_LOWER,製造設備容量,台耀,偶聯設備或公司宣告尺度下限,30,設備容積；非年產量、合格批次產量、商業產能或單位成本。,L,,,"[""T11""]",,公司設備或服務頁,有日期的設備驗證、放行批次或產品供應資料更新,ADC-20261007-R1,original_R1_record_preserved,,,,,,,,,,,,,,,,,,,,,,,,
TW_FORMOSA_LAB_CAPACITY_UPPER,製造設備容量,台耀,偶聯設備或公司宣告尺度上限,200,設備容積；非年產量、合格批次產量、商業產能或單位成本。,L,,,"[""T11""]",,公司設備或服務頁,有日期的設備驗證、放行批次或產品供應資料更新,ADC-20261007-R1,original_R1_record_preserved,,,,,,,,,,,,,,,,,,,,,,,,
TW_MYCENAX_CAPACITY_VALUE,製造設備容量,永昕,偶聯設備或公司宣告尺度,50,公司能力宣告；不能推算年產量或商業ADC銷售。,L,,,"[""T13""]",,公司設備或服務頁,有日期的設備驗證、放行批次或產品供應資料更新,ADC-20261007-R1,original_R1_record_preserved,,,,,,,,,,,,,,,,,,,,,,,,
TW_OBI902_REGISTRY,台灣臨床狀態,OBI-902,官方試驗登錄狀態,,"RECRUITING；PHASE1,PHASE2；實際開始2025-08-04；估計主要完成2029-02-08；最近狀態確認2025-12",,,,"[""T03""]",2026-01-05,官方試驗登錄,登錄狀態、實際收案或結果更新,ADC-20261007-R1,original_R1_record_preserved,,,,,,,,,,,,,,,,,,,,,,,,
TW_OBI902_ESTIMATED_N,台灣臨床狀態,OBI-902,預估收案人數,147,ESTIMATED；非實際已收案、給藥或療效可評估分母。,人,,,"[""T03""]",2026-01-05,官方試驗登錄估計,預估收案改為實際或公開可評估群體,ADC-20261007-R1,original_R1_record_preserved,,,,,,,,,,,,,,,,,,,,,,,,
TW_OBI992_REGISTRY,台灣臨床狀態,OBI-992,官方試驗登錄狀態,,"ACTIVE_NOT_RECRUITING；PHASE1,PHASE2；實際開始2024-06-12；估計主要完成2027-06；最近狀態確認2025-08",,,,"[""T02""]",2025-08-08,官方試驗登錄,登錄狀態、實際收案或結果更新,ADC-20261007-R1,original_R1_record_preserved,,,,,,,,,,,,,,,,,,,,,,,,
TW_OBI992_ESTIMATED_N,台灣臨床狀態,OBI-992,預估收案人數,117,ESTIMATED；非實際已收案、給藥或療效可評估分母。,人,,,"[""T02""]",2025-08-08,官方試驗登錄估計,預估收案改為實際或公開可評估群體,ADC-20261007-R1,original_R1_record_preserved,,,,,,,,,,,,,,,,,,,,,,,,
TW_OBI_TEGMINE_TERMS,交易結構,浩鼎／TegMine,授權及付款核實範圍,,初始公司公告2025-12-19；完整英文發稿2026-01-12。全球專屬開發商業權，含簽約金、條件里程碑及分級權利金；金額與實收未核實，兩次發稿不是兩筆新交易。,,,,"[""T04""]",2025-12-19,公司公開授權公告,公開財報披露實收、里程碑或候選藥進度,ADC-20261007-R1,original_R1_record_preserved,,,,,,,,,,,,,,,,,,,,,,,,
T21_PUBLISHING,出版銜接,Drugnews深度分析入口,既有公開入口,,https://drugnews.com.tw/subscribe.html；支持既有持續研究入口；不引述價格、促銷或工具上架承諾。,,,,"[""T21""]",,出版者公開服務頁,入口或服務內容更新,ADC-20261007-R1,original_R1_record_preserved,,,,,,,,,,,,,,,,,,,,,,,,
T22_PUBLISHING,出版銜接,Drugnews企業合作入口,既有公開入口,,https://drugnews.com.tw/services.html；支持企業研究及顧問合作入口；不承諾價格、曝光或成果。,,,,"[""T22""]",,出版者公開服務頁,入口或服務內容更新,ADC-20261007-R1,original_R1_record_preserved,,,,,,,,,,,,,,,,,,,,,,,,
ASCENT03_OS_EXP,臨床證據,ASCENT-03／Sacituzumab govitecan,中位OS：試驗組,,所引用核准分析時OS未成熟；本資料未列可用數值，不以0代替。,月,第一線TNBC，非PD-(L)1治療候選,nab-paclitaxel/paclitaxel/gemcitabine+carboplatin,"[""C06"", ""C19""]",,隨機三期：監管公告或原始研究,同一試驗新資料截點、成熟OS、安全性或監管範圍更新,ADC-20261007-R1,original_R1_record_preserved,,,,,,,,,,,,,,,,,,,,,,,,
ASCENT03_OS_CTRL,臨床證據,ASCENT-03／Sacituzumab govitecan,中位OS：對照組,,所引用核准分析時OS未成熟；本資料未列可用數值，不以0代替。,月,第一線TNBC，非PD-(L)1治療候選,nab-paclitaxel/paclitaxel/gemcitabine+carboplatin,"[""C06"", ""C19""]",,隨機三期：監管公告或原始研究,同一試驗新資料截點、成熟OS、安全性或監管範圍更新,ADC-20261007-R1,original_R1_record_preserved,,,,,,,,,,,,,,,,,,,,,,,,
ASCENT03_OS_HR,臨床證據,ASCENT-03／Sacituzumab govitecan,OS風險比,,所引用核准分析時OS未成熟；本資料未列可用數值，不以0代替。,HR,第一線TNBC，非PD-(L)1治療候選,nab-paclitaxel/paclitaxel/gemcitabine+carboplatin,"[""C06"", ""C19""]",,隨機三期：監管公告或原始研究,同一試驗新資料截點、成熟OS、安全性或監管範圍更新,ADC-20261007-R1,original_R1_record_preserved,,,,,,,,,,,,,,,,,,,,,,,,
ASCENT04_OS_EXP,臨床證據,ASCENT-04/KEYNOTE-D19／SG+pembrolizumab,中位OS：試驗組,,所引用核准分析時OS未成熟；本資料未列可用數值，不以0代替。,月,第一線TNBC，PD-L1 CPS≥10,醫師選擇化療+pembrolizumab,"[""C06"", ""C20""]",,隨機三期：監管公告或原始研究,同一試驗新資料截點、成熟OS、安全性或監管範圍更新,ADC-20261007-R1,original_R1_record_preserved,,,,,,,,,,,,,,,,,,,,,,,,
ASCENT04_OS_CTRL,臨床證據,ASCENT-04/KEYNOTE-D19／SG+pembrolizumab,中位OS：對照組,,所引用核准分析時OS未成熟；本資料未列可用數值，不以0代替。,月,第一線TNBC，PD-L1 CPS≥10,醫師選擇化療+pembrolizumab,"[""C06"", ""C20""]",,隨機三期：監管公告或原始研究,同一試驗新資料截點、成熟OS、安全性或監管範圍更新,ADC-20261007-R1,original_R1_record_preserved,,,,,,,,,,,,,,,,,,,,,,,,
ASCENT04_OS_HR,臨床證據,ASCENT-04/KEYNOTE-D19／SG+pembrolizumab,OS風險比,,所引用核准分析時OS未成熟；本資料未列可用數值，不以0代替。,HR,第一線TNBC，PD-L1 CPS≥10,醫師選擇化療+pembrolizumab,"[""C06"", ""C20""]",,隨機三期：監管公告或原始研究,同一試驗新資料截點、成熟OS、安全性或監管範圍更新,ADC-20261007-R1,original_R1_record_preserved,,,,,,,,,,,,,,,,,,,,,,,,
TW_OBI_TICKER,台灣能力地圖,台灣浩鼎生技股份有限公司,股票代號,,4174,證券識別,,,"[""T18""]",,官方機構或公司投資人資訊,上市櫃轉換、更名、收購或代號改變,ADC-20261007-R1,original_R1_record_preserved,,,,,,,,,,,,,,,,,,,,,,,,
TW_OBI_EXCHANGE,台灣能力地圖,台灣浩鼎生技股份有限公司,交易所,,TPEx,證券識別,,,"[""T18""]",,官方機構或公司投資人資訊,上市櫃轉換、更名、收購或代號改變,ADC-20261007-R1,original_R1_record_preserved,,,,,,,,,,,,,,,,,,,,,,,,
TW_GNX_TICKER,台灣能力地圖,台灣醣聯生技醫藥股份有限公司,股票代號,,4168,證券識別,,,"[""T19""]",,官方機構或公司投資人資訊,上市櫃轉換、更名、收購或代號改變,ADC-20261007-R1,original_R1_record_preserved,,,,,,,,,,,,,,,,,,,,,,,,
TW_GNX_EXCHANGE,台灣能力地圖,台灣醣聯生技醫藥股份有限公司,交易所,,TPEx,證券識別,,,"[""T19""]",,官方機構或公司投資人資訊,上市櫃轉換、更名、收購或代號改變,ADC-20261007-R1,original_R1_record_preserved,,,,,,,,,,,,,,,,,,,,,,,,
TW_FORMOSA_PHARMA_TICKER,台灣能力地圖,台新藥股份有限公司,股票代號,,6838,證券識別,,,"[""T17""]",2026-10-07,交易所個股資訊,上市櫃轉換、更名、收購或代號改變,ADC-20261007-R1,original_R1_record_preserved,,,,,,,,,,,,,,,,,,,,,,,,
TW_FORMOSA_PHARMA_EXCHANGE,台灣能力地圖,台新藥股份有限公司,交易所,,TWSE,證券識別,,,"[""T17""]",2026-10-07,交易所個股資訊,上市櫃轉換、更名、收購或代號改變,ADC-20261007-R1,original_R1_record_preserved,,,,,,,,,,,,,,,,,,,,,,,,
TW_EIRGENIX_TICKER,台灣能力地圖,台康生技股份有限公司,股票代號,,6589,證券識別,,,"[""T16""]",2026-10-07,交易所個股資訊,上市櫃轉換、更名、收購或代號改變,ADC-20261007-R1,original_R1_record_preserved,,,,,,,,,,,,,,,,,,,,,,,,
TW_EIRGENIX_EXCHANGE,台灣能力地圖,台康生技股份有限公司,交易所,,TWSE,證券識別,,,"[""T16""]",2026-10-07,交易所個股資訊,上市櫃轉換、更名、收購或代號改變,ADC-20261007-R1,original_R1_record_preserved,,,,,,,,,,,,,,,,,,,,,,,,
TW_FORMOSA_LAB_TICKER,台灣能力地圖,台耀化學股份有限公司,股票代號,,4746,證券識別,,,"[""T15""]",2026-10-06,交易所個股資訊,上市櫃轉換、更名、收購或代號改變,ADC-20261007-R1,original_R1_record_preserved,,,,,,,,,,,,,,,,,,,,,,,,
TW_FORMOSA_LAB_EXCHANGE,台灣能力地圖,台耀化學股份有限公司,交易所,,TWSE,證券識別,,,"[""T15""]",2026-10-06,交易所個股資訊,上市櫃轉換、更名、收購或代號改變,ADC-20261007-R1,original_R1_record_preserved,,,,,,,,,,,,,,,,,,,,,,,,
TW_MYCENAX_TICKER,台灣能力地圖,永昕生物醫藥股份有限公司,股票代號,,4726,證券識別,,,"[""T20""]",,官方機構或公司投資人資訊,上市櫃轉換、更名、收購或代號改變,ADC-20261007-R1,original_R1_record_preserved,,,,,,,,,,,,,,,,,,,,,,,,
TW_MYCENAX_EXCHANGE,台灣能力地圖,永昕生物醫藥股份有限公司,交易所,,TPEx,證券識別,,,"[""T20""]",,官方機構或公司投資人資訊,上市櫃轉換、更名、收購或代號改變,ADC-20261007-R1,original_R1_record_preserved,,,,,,,,,,,,,,,,,,,,,,,,
TW_DCB_TICKER,台灣能力地圖,財團法人生物技術開發中心,股票代號,,不適用,證券識別,,,"[""T14""]",2026-04-09,官方機構或公司投資人資訊,上市櫃轉換、更名、收購或代號改變,ADC-20261007-R1,historical_R1_record_T14_source_pending,,,,,,,,,,,,,,,,,,,,,,,,
TW_DCB_EXCHANGE,台灣能力地圖,財團法人生物技術開發中心,交易所,,不適用,證券識別,,,"[""T14""]",2026-04-09,官方機構或公司投資人資訊,上市櫃轉換、更名、收購或代號改變,ADC-20261007-R1,historical_R1_record_T14_source_pending,,,,,,,,,,,,,,,,,,,,,,,,
HDP101_PAYLOAD_MOA,技術路線,HDP-101,負載作用機制,,合成amanitin；抑制RNA polymerase II／轉錄,文字,BCMA ADC的負載設計；非已證明實體瘤接續療效,不適用,"[""R09""]",2024,原始海報之機制說明,負載或候選藥設計更動；更完整研究,ADC-20261007-R1,original_R1_record_preserved,,,,,,,,,,,,,,,,,,,,,,,,
P01_PH_ROUTING_2019,機轉來源補正,anti-HER2 pertuzumab-variant MMAE ADCs,pH-dependent antigen dissociation and lysosomal delivery,,酸性內體環境下的抗原解離可作抗體設計變項；所研究的SG-MMAE與YS-MMAE在細胞中的溶小體累積高於WT-MMAE。此為臨床前直接支持，非DCB/LYSward平台驗證。,文字,Preclinical HER2-expressing cell models; no human cohort claimed,WT pertuzumab-MMAE in the cited cell study,"[""R10""]",,原始臨床前研究,Direct trafficking data for a named clinical candidate; human exposure and benefit evidence,ADC-20261007-R1-LAYERED-HTML-R2-1.0,new_primary_source_record,"Antigen dissociation at acidic endosomal pH can be engineered at the antibody level. The studied SG-MMAE and YS-MMAE constructs accumulated more efficiently in cellular lysosomes than WT-MMAE. This is preclinical direct support, not verification of DCB/LYSward.",,2019-04-01,PMC main text lines 137–149; Figure 1 and cited Supplementary Figure 8,2019年臨床前研究；所讀段落未記單一實驗資料截至日，不以發布日代替。,Preclinical study published in 2019; the selected passages do not state a single experimental data cutoff. Publication date is not substituted for a data cutoff.,https://pmc.ncbi.nlm.nih.gov/articles/PMC6668989/,Original preclinical research,,,,,,,,,,,,,,,,
SALES_TRODELVY_2023,已上市ADC商業交付,Trodelvy (sacituzumab govitecan-hziy),年度淨產品銷售,1063,,USD million,"Gilead consolidated product sales: United States, Europe and rest of world",Previous complete calendar/fiscal year for year-on-year calculations; no treatment comparator,"[""D35""]",2023-12-31,原始財務申報數值；本輪公開原文核對,下一完整年度10-K同產品同口徑數值；若更正重編，保留前值與更正紀錄。,ADC-20261007-R1-LAYERED-HTML-R2-1.0,new_primary_source_record,,USD,2026-02-24,"Note 2. Revenues, p65; Trodelvy row, 2023 Total column; web lines 1991–1993 and 2017",,,https://www.sec.gov/Archives/edgar/data/882095/000088209526000006/gild-20251231.htm,Original financial filing value; selected public source read for this increment,SALES_TRODELVY_2023,millions,2023-01-01,2023-12-31,2023,完整曆年／截至12月31日的財年,Gilead reported total: U.S. + Europe + Rest of World,Gilead合併報表之Trodelvy產品銷售Total；不加計合作方另外列報的銷售、分潤、權利金或里程碑。,"US GAAP product sales, net of gross-to-net deductions",nominal reported USD; not constant-currency or inflation-adjusted,False,False,Annual net product sales,Commercial delivery of marketed ADCs,"Trodelvy product-sales Total in Gilead consolidated accounts; no addition of a partner’s separately reported sales, profit share, royalties or milestones.",Complete calendar year / fiscal year ended December 31
SALES_TRODELVY_2024,已上市ADC商業交付,Trodelvy (sacituzumab govitecan-hziy),年度淨產品銷售,1315,,USD million,"Gilead consolidated product sales: United States, Europe and rest of world",Previous complete calendar/fiscal year for year-on-year calculations; no treatment comparator,"[""D35""]",2024-12-31,原始財務申報數值；本輪公開原文核對,下一完整年度10-K同產品同口徑數值；若更正重編，保留前值與更正紀錄。,ADC-20261007-R1-LAYERED-HTML-R2-1.0,new_primary_source_record,,USD,2026-02-24,"Note 2. Revenues, p65; Trodelvy row, 2024 Total column; web lines 1991–1993 and 2017",,,https://www.sec.gov/Archives/edgar/data/882095/000088209526000006/gild-20251231.htm,Original financial filing value; selected public source read for this increment,SALES_TRODELVY_2024,millions,2024-01-01,2024-12-31,2024,完整曆年／截至12月31日的財年,Gilead reported total: U.S. + Europe + Rest of World,Gilead合併報表之Trodelvy產品銷售Total；不加計合作方另外列報的銷售、分潤、權利金或里程碑。,"US GAAP product sales, net of gross-to-net deductions",nominal reported USD; not constant-currency or inflation-adjusted,False,False,Annual net product sales,Commercial delivery of marketed ADCs,"Trodelvy product-sales Total in Gilead consolidated accounts; no addition of a partner’s separately reported sales, profit share, royalties or milestones.",Complete calendar year / fiscal year ended December 31
SALES_TRODELVY_2025,已上市ADC商業交付,Trodelvy (sacituzumab govitecan-hziy),年度淨產品銷售,1397,,USD million,"Gilead consolidated product sales: United States, Europe and rest of world",Previous complete calendar/fiscal year for year-on-year calculations; no treatment comparator,"[""D35""]",2025-12-31,原始財務申報數值；本輪公開原文核對,下一完整年度10-K同產品同口徑數值；若更正重編，保留前值與更正紀錄。,ADC-20261007-R1-LAYERED-HTML-R2-1.0,new_primary_source_record,,USD,2026-02-24,"Note 2. Revenues, p65; Trodelvy row, 2025 Total column; web lines 1991–1993 and 2017",,,https://www.sec.gov/Archives/edgar/data/882095/000088209526000006/gild-20251231.htm,Original financial filing value; selected public source read for this increment,SALES_TRODELVY_2025,millions,2025-01-01,2025-12-31,2025,完整曆年／截至12月31日的財年,Gilead reported total: U.S. + Europe + Rest of World,Gilead合併報表之Trodelvy產品銷售Total；不加計合作方另外列報的銷售、分潤、權利金或里程碑。,"US GAAP product sales, net of gross-to-net deductions",nominal reported USD; not constant-currency or inflation-adjusted,False,False,Annual net product sales,Commercial delivery of marketed ADCs,"Trodelvy product-sales Total in Gilead consolidated accounts; no addition of a partner’s separately reported sales, profit share, royalties or milestones.",Complete calendar year / fiscal year ended December 31
