source_id,title,original_url,source_date,data_date,checked_at,timezone,retrieval_mode,read_level,access_result,locators,minimum_excerpt,numeric_support,claim_location_ids,overall_status,status_time_scope,precise_gap,current_disposition,applied_corrections,evidence_materials,original_artifact_sha256,observed_data_date,original_network_read_time
R03,Abelman et al. — TOP1 Mutations and Cross-Resistance to Antibody–Drug Conjugates in Patients with Metastatic Breast Cancer,https://pmc.ncbi.nlm.nih.gov/articles/PMC12079096/,2025-01-02,2020-09至2024-01檢測資料；卷期2025-05-15,2026-10-07T18:40:15+08:00,Asia/Taipei,prior_reference_reread_returned_access_wall,no_article_content_obtained,reCAPTCHA; stopped,"[{""requested"":""Table 1 or individual-case passage"",""verified"":null}]",null,[],"[{""claim_location_id"":""R03-ZH-L0259"",""language"":""ZH"",""line"":259,""section"":""06"",""subsection"":""TOP1 mutation / cross-resistance paragraph""},{""claim_location_id"":""R03-EN-L0259"",""language"":""EN"",""line"":259,""section"":""06"",""subsection"":""TOP1 mutation / cross-resistance paragraph""}]",unverifiable,Assessment of the specified original wording before the corrections in this supplement.,The only reopened claim is the baseline low-level mutation detail. Table 1/case original text was not obtained; prior author summaries do not close this gap.,Specified unavailable source-dependent example/detail removed; historical records retained; original evidence gap remains.,"[""R03-ZH-L0259"",""R03-EN-L0259""]","[{""path"":""evidence/R03_access_result.json"",""bytes"":860,""sha256"":""55037086a8f1871385c9165a3b03ed5a001f1327019963f957a357a7334f6f98"",""kind"":""access_result_log_not_article_excerpt""}]",null,null,null
R05,Lyon et al. — Reducing hydrophobicity of homogeneous antibody-drug conjugates improves pharmacokinetics and therapeutic index,https://pubmed.ncbi.nlm.nih.gov/26076429/,2015-06-15,2015年臨床前研究,2026-10-07T18:42:25+08:00,Asia/Taipei,public_url_web_tool_failed,本輪未取得 PubMed 摘要；本地 foundations.json 的 claims 為作者摘要，未當原文,直接原 URL 回 Internal Error；原已用 turn40view0 讀回只有 HHS Vulnerability Disclosure 空殼，沒有摘要。停止，未用替代 route。,[],null,[],"[{""claim_location_id"":""ZH-L0193"",""language"":""ZH"",""line"":193,""section"":""04　把工程名詞翻成可驗證的改善"",""subsection"":""比較表 F03｜技術路線應對準哪個失效環節？""},{""claim_location_id"":""ZH-L0199"",""language"":""ZH"",""line"":199,""section"":""04　把工程名詞翻成可驗證的改善"",""subsection"":""比較表 F03｜技術路線應對準哪個失效環節？""},{""claim_location_id"":""EN-L0193"",""language"":""EN"",""line"":193,""section"":""04  Translate Engineering Labels into Testable Improvements"",""subsection"":""Table F03｜Which Point of Failure Does Each Design Address?""},{""claim_location_id"":""EN-L0199"",""language"":""EN"",""line"":199,""section"":""04  Translate Engineering Labels into Testable Improvements"",""subsection"":""Table F03｜Which Point of Failure Does Each Design Address?""}]",unverifiable,Assessment of the specified original wording before the corrections in this supplement.,無本輪可核原摘要，不對 Lyon 原研究「降低高負載 ADC 疏水性影響清除及治療指數」作新驗證。原作者整理和研究題名不足以代替所需原文，亦不據讀取失敗判定原主張錯誤。,Specified unavailable source-dependent example/detail removed; historical records retained; original evidence gap remains.,"[""ZH-L0187"",""ZH-L0193"",""ZH-L0199"",""EN-L0187"",""EN-L0193"",""EN-L0199""]","[{""path"":""evidence/R05.txt"",""bytes"":1139,""sha256"":""b5b71a251a6e40ea5bc5f25c4abdfae3a5f9fdf345b89b9fcb0937b8ee4cc74a"",""kind"":""retrieval_failure_log_not_source_evidence""}]",null,null,null
R08,AstraZeneca 完成對 Summit Therapeutics 的 20 億美元股權投資,https://www.astrazeneca.com/media-centre/press-releases/2026/astrazeneca-completes-equity-investment-in-summit-therapeutics.html,2026-10-05,2026-10-05,2026-10-07T18:42:41+08:00,Asia/Taipei,public_web_tool_readback_prior_ref,web_extracted_relevant_primary_source_sections,specified original public URL returned the necessary text; no access-control block encountered,"[{""section"":""AstraZeneca equity completion announcement; retrieved lines 182–188, especially 184–186."",""web_ref"":""turn131view0""}]","{""material_path"":""evidence/R08.txt"",""locator_within_material"":""Minimum verbatim excerpt(s) / 最小原文摘錄; followed by original numeric or structured fields"",""storage_note"":""The actual minimal original quotation is in the supplied hashed UTF-8 evidence file; not copied again into CSV/JSON.""}","[{""field"":""completion_announcement_date"",""original_value"":""5 October 2026"",""unit_or_role"":""calendar date"",""locator"":""L182""},{""field"":""completed_equity_investment"",""original_value"":2,""unit_or_role"":""USD billion; equity, not ADC license fee"",""locator"":""L184""},{""field"":""separate_Datroway_collaboration"",""original_value"":""separate agreement announced on Friday"",""unit_or_role"":""agreement type; no new calendar date inferred"",""locator"":""L186""}]","[{""claim_location_id"":""ZH-L0166"",""language"":""ZH"",""line"":166,""section"":""03　企業如何把平台接成可交付的產品"",""subsection"":""2026年10月的組合合作，把競爭單位推向完整療程""},{""claim_location_id"":""ZH-L0436"",""language"":""ZH"",""line"":436,""section"":""11　最高總額，沒有告訴你的買單內容"",""subsection"":""比較表 F08｜五種交易，五種不同的承諾""},{""claim_location_id"":""ZH-L0439"",""language"":""ZH"",""line"":439,""section"":""11　最高總額，沒有告訴你的買單內容"",""subsection"":""比較表 F08｜五種交易，五種不同的承諾""},{""claim_location_id"":""ZH-L0581"",""language"":""ZH"",""line"":581,""section"":""附錄 A　全球公司與合作地圖"",""subsection"":""比較表 F13｜全球公司地圖：依競爭角色選列""},{""claim_location_id"":""ZH-L0584"",""language"":""ZH"",""line"":584,""section"":""附錄 A　全球公司與合作地圖"",""subsection"":""比較表 F13｜全球公司地圖：依競爭角色選列""},{""claim_location_id"":""EN-L0166"",""language"":""EN"",""line"":166,""section"":""03  How Companies Turn Platforms into Deliverable Products"",""subsection"":""The October 2026 Combination Collaboration Extends Competition to the Regimen""},{""claim_location_id"":""EN-L0436"",""language"":""EN"",""line"":436,""section"":""11  What the Headline Deal Value Does Not Tell You"",""subsection"":""Table F08｜Five Transaction Types, Five Different Commitments""},{""claim_location_id"":""EN-L0439"",""language"":""EN"",""line"":439,""section"":""11  What the Headline Deal Value Does Not Tell You"",""subsection"":""Table F08｜Five Transaction Types, Five Different Commitments""},{""claim_location_id"":""EN-L0581"",""language"":""EN"",""line"":581,""section"":""Appendix A  Global Company and Collaboration Map"",""subsection"":""Table F13｜Global Company Map: Selected by Competitive Role""},{""claim_location_id"":""EN-L0584"",""language"":""EN"",""line"":584,""section"":""Appendix A  Global Company and Collaboration Map"",""subsection"":""Table F13｜Global Company Map: Selected by Competitive Role""}]",supported,Assessment of the specified original wording before the corrections in this supplement.,null,Original assigned contribution retained within the stated read level and boundary.,[],"[{""path"":""evidence/R08.txt"",""bytes"":2364,""sha256"":""824b6c902148177235f4a7ed7a423ab0d06c657c7dc8b032d12d35ba1860f612"",""kind"":""bounded_original_excerpt_and_factual_extraction""}]",null,null,null
R09,"Kaufman et al. — HDP-101: The Anti-BCMA Antibody-Drug Conjugate HDP-101 with a Novel Amanitin Payload Shows Promising Initial First in Human Results in Relapsed Multiple Myeloma (AACR 2024, CT067)",https://heidelberg-pharma.com/images/managed/HDP-101-01_AACR2024_final.pdf,2024,2024年AACR海報；本稿僅引用機制段落,2026-10-07T18:42:25+08:00,Asia/Taipei,public_url_web_tool,原 URL 一頁 AACR 2024 海報 PDF 文字；僅 Introduction / Background 機制段,正常取得原 URL PDF 文字,"[""PDF 第1頁 Introduction L24–27；Background L30–35；年份與 poster CT067 L44–46""]","{""material_path"":""evidence/R09.txt"",""locator_within_material"":""Minimum verbatim excerpt(s) / 最小原文摘錄; followed by original numeric or structured fields"",""storage_note"":""The actual minimal original quotation is in the supplied hashed UTF-8 evidence file; not copied again into CSV/JSON.""}","[{""locator"":""p1 Background L30–35"",""drug"":""HDP-101"",""target"":""BCMA"",""payload"":""synthetic amanitin"",""payload_target"":""RNA polymerase II"",""action"":""抑制轉錄；此處只作機制辨識，不作臨床增益證明""}]","[{""claim_location_id"":""ZH-L0229"",""language"":""ZH"",""line"":229,""section"":""05　「新一代」之外，證據走到哪裡？"",""subsection"":""比較表 F04｜新設計的證據成熟度，並不整齊""},{""claim_location_id"":""EN-L0229"",""language"":""EN"",""line"":229,""section"":""05  Beyond “Next Generation”: How Mature Is the Evidence?"",""subsection"":""Table F04｜Evidence Maturity Varies Across New Designs""}]",supported,Assessment of the specified original wording before the corrections in this supplement.,支持 HDP-101 合成 amanitin / RNA polymerase II 機制；2024 海報較舊的臨床數據完全不作 2026 人體進展證據。,Original assigned contribution retained within the stated read level and boundary.,[],"[{""path"":""evidence/R09.txt"",""bytes"":1317,""sha256"":""d68ccad82f0f8443c5b4740754e4c889cc1cd2627f16a46e12036fe36e02e486"",""kind"":""public_minimum_excerpt_and_extracted_values""}]",null,null,null
C09,Shitara et al. Trastuzumab Deruxtecan or Ramucirumab plus Paclitaxel in Gastric Cancer,https://pubmed.ncbi.nlm.nih.gov/40454632/,2025-05-31,,2026-10-07T18:42:25+08:00,Asia/Taipei,public_url_web_tool_failed,本輪未取得摘要或全文；既有 clinical_records 為作者整理，未作原文證據,原 URL 429 Too Many Requests；原已用 ref 仍回同一 429。停止，不改 URL、不加 headers。,[],null,[],"[{""claim_location_id"":""ZH-L0201"",""language"":""ZH"",""line"":201,""section"":""04　把工程名詞翻成可驗證的改善"",""subsection"":""比較表 F03｜技術路線應對準哪個失效環節？""},{""claim_location_id"":""EN-L0201"",""language"":""EN"",""line"":201,""section"":""04  Translate Engineering Labels into Testable Improvements"",""subsection"":""Table F03｜Which Point of Failure Does Each Design Address?""}]",unverifiable,Assessment of the specified original wording before the corrections in this supplement.,缺可重新核對的原始摘要，不能本輪確認 Gastric04 的再活檢條件、OS 14.7/11.4 個月及 HR 0.70（95% CI 0.55–0.90）；未因此判定原數值錯誤。,Specified unavailable source-dependent example/detail removed; historical records retained; original evidence gap remains.,"[""ZH-L0201"",""EN-L0201""]","[{""path"":""evidence/C09.txt"",""bytes"":1010,""sha256"":""2b0e8a39b8af3786f4efd128fa522659d4a4b0166271a39e927a5ffc28f40ebd"",""kind"":""retrieval_failure_log_not_source_evidence""}]",null,null,null
C10,Yang et al. Izalontamab brengitecan versus chemotherapy in recurrent/metastatic NPC,https://pubmed.ncbi.nlm.nih.gov/41125110/,2025-10-19,,2026-10-07T18:42:25+08:00,Asia/Taipei,public_url_web_tool,PubMed 原始論文公開摘要及書目；未讀期刊全文,正常取得原 URL 公開摘要,"[""PubMed PMID 41125110；Abstract / Methods，L296–298；Findings，L299–300（turn135view0）"",""書目 Epub 2025 Oct 19，L244""]","{""material_path"":""evidence/C10.txt"",""locator_within_material"":""Minimum verbatim excerpt(s) / 最小原文摘錄; followed by original numeric or structured fields"",""storage_note"":""The actual minimal original quotation is in the supplied hashed UTF-8 evidence file; not copied again into CSV/JSON.""}","[{""locator"":""Abstract Methods L296–298"",""trial"":""BL-B01D1-303 / NCT06118333"",""phase"":3,""centres"":55,""country"":""China"",""population"":""復發或轉移鼻咽癌；至少二線全身化療，含至少一個含鉑療程，且接受過 PD-1 或 PD-L1 抑制劑"",""comparator"":""chemotherapy"",""analysis"":""first planned interim analysis""},{""locator"":""Abstract Findings L299"",""endpoint"":""masked independent central review ORR"",""unit"":""percent"",""iza_bren"":54.6,""chemotherapy"":27.0,""iza_bren_95ci"":[45.2,63.8],""chemotherapy_95ci"":[19.1,36.0],""N_total"":386,""N_iza_bren"":191,""N_chemotherapy"":195},{""locator"":""Abstract Findings L300"",""endpoint"":""grade >=3 treatment-related adverse events"",""unit"":""percent"",""iza_bren"":80,""chemotherapy"":62,""OS_maturity"":""immature at data cutoff"",""trial_data_cutoff"":null}]","[{""claim_location_id"":""ZH-L0193"",""language"":""ZH"",""line"":193,""section"":""04　把工程名詞翻成可驗證的改善"",""subsection"":""比較表 F03｜技術路線應對準哪個失效環節？""},{""claim_location_id"":""ZH-L0218"",""language"":""ZH"",""line"":218,""section"":""05　「新一代」之外，證據走到哪裡？"",""subsection"":""比較表 F04｜新設計的證據成熟度，並不整齊""},{""claim_location_id"":""ZH-L0225"",""language"":""ZH"",""line"":225,""section"":""05　「新一代」之外，證據走到哪裡？"",""subsection"":""比較表 F04｜新設計的證據成熟度，並不整齊""},{""claim_location_id"":""ZH-L0227"",""language"":""ZH"",""line"":227,""section"":""05　「新一代」之外，證據走到哪裡？"",""subsection"":""比較表 F04｜新設計的證據成熟度，並不整齊""},{""claim_location_id"":""EN-L0193"",""language"":""EN"",""line"":193,""section"":""04  Translate Engineering Labels into Testable Improvements"",""subsection"":""Table F03｜Which Point of Failure Does Each Design Address?""},{""claim_location_id"":""EN-L0218"",""language"":""EN"",""line"":218,""section"":""05  Beyond “Next Generation”: How Mature Is the Evidence?"",""subsection"":""Table F04｜Evidence Maturity Varies Across New Designs""},{""claim_location_id"":""EN-L0225"",""language"":""EN"",""line"":225,""section"":""05  Beyond “Next Generation”: How Mature Is the Evidence?"",""subsection"":""Table F04｜Evidence Maturity Varies Across New Designs""},{""claim_location_id"":""EN-L0227"",""language"":""EN"",""line"":227,""section"":""05  Beyond “Next Generation”: How Mature Is the Evidence?"",""subsection"":""Table F04｜Evidence Maturity Varies Across New Designs""}]",supported,Assessment of the specified original wording before the corrections in this supplement.,支持限摘要可見之 NPC 設計、ORR 及 TRAE；不以此來源核 TNBC、ESCC 或完整論文。摘要未明列確切 data cutoff，保持未知。,Original assigned contribution retained within the stated read level and boundary.,[],"[{""path"":""evidence/C10.txt"",""bytes"":2084,""sha256"":""69859c2d324e531388fead78c619ed83bea723d6f47b9b1cb890b1a0afc6a258"",""kind"":""public_minimum_excerpt_and_extracted_values""}]",null,null,null
C11,BMS/SystImmune: iza-bren TNBC與ESCC三期期中OS/PFS結果,https://news.bms.com/news/details/2026/Izalontamab-Brengitecan-Iza-Bren-Demonstrates-Statistically-Significant-and-Clinically-Meaningful-Improvements-in-Overall-Survival-and-Progression-Free-Survival-in-Patients-with-Triple-Negative-Breast-Cancer-and-Esophageal-Squamous-Cell-Carcinoma/default.aspx,2026-06-02,,2026-10-07T18:42:25+08:00,Asia/Taipei,public_url_web_tool,BMS 原始公開公司公告；相關試驗設計、期中結果與合作段落，非期刊全文,正常取得原 URL 公開正文,"[""公司公告 2026-06-02：L11、L14–16"",""Results from the Interim Analysis of PANKU-Breast02，L25–33"",""PANKU-Breast02 / PANKU-Esophagus01 及合作地域，L44；About iza-bren，L46–48""]","{""material_path"":""evidence/C11.txt"",""locator_within_material"":""Minimum verbatim excerpt(s) / 最小原文摘錄; followed by original numeric or structured fields"",""storage_note"":""The actual minimal original quotation is in the supplied hashed UTF-8 evidence file; not copied again into CSV/JSON.""}","[{""locator"":""PANKU-Breast02 L26–29"",""trial"":""PANKU-Breast02"",""country"":""China"",""phase"":3,""analysis"":""prespecified interim"",""population"":""不可切除局部晚期或轉移 TNBC；晚期疾病接受過 1–2 線全身治療且曾用 taxane"",""comparator"":""physician choice chemotherapy"",""N_iza_bren"":207,""N_comparator"":211,""median_OS_iza_bren"":15.9,""median_OS_comparator"":12.5,""unit"":""months"",""OS_HR"":0.6,""OS_HR_95ci"":[0.42,0.85],""median_follow_up_months"":11},{""locator"":""L14–16, L44, L47–48"",""phase3_regions"":""中國的 PANKU-Breast02 與 PANKU-Esophagus01"",""China_sponsor"":""Sichuan Biokin Pharmaceutical"",""outside_China_co_developers"":[""SystImmune"",""Bristol Myers Squibb""],""targets"":[""EGFR"",""HER3""],""payload_class"":""Topo1i""}]","[{""claim_location_id"":""ZH-L0193"",""language"":""ZH"",""line"":193,""section"":""04　把工程名詞翻成可驗證的改善"",""subsection"":""比較表 F03｜技術路線應對準哪個失效環節？""},{""claim_location_id"":""ZH-L0218"",""language"":""ZH"",""line"":218,""section"":""05　「新一代」之外，證據走到哪裡？"",""subsection"":""比較表 F04｜新設計的證據成熟度，並不整齊""},{""claim_location_id"":""ZH-L0225"",""language"":""ZH"",""line"":225,""section"":""05　「新一代」之外，證據走到哪裡？"",""subsection"":""比較表 F04｜新設計的證據成熟度，並不整齊""},{""claim_location_id"":""ZH-L0227"",""language"":""ZH"",""line"":227,""section"":""05　「新一代」之外，證據走到哪裡？"",""subsection"":""比較表 F04｜新設計的證據成熟度，並不整齊""},{""claim_location_id"":""ZH-L0578"",""language"":""ZH"",""line"":578,""section"":""附錄 A　全球公司與合作地圖"",""subsection"":""比較表 F13｜全球公司地圖：依競爭角色選列""},{""claim_location_id"":""ZH-L0584"",""language"":""ZH"",""line"":584,""section"":""附錄 A　全球公司與合作地圖"",""subsection"":""比較表 F13｜全球公司地圖：依競爭角色選列""},{""claim_location_id"":""EN-L0193"",""language"":""EN"",""line"":193,""section"":""04  Translate Engineering Labels into Testable Improvements"",""subsection"":""Table F03｜Which Point of Failure Does Each Design Address?""},{""claim_location_id"":""EN-L0218"",""language"":""EN"",""line"":218,""section"":""05  Beyond “Next Generation”: How Mature Is the Evidence?"",""subsection"":""Table F04｜Evidence Maturity Varies Across New Designs""},{""claim_location_id"":""EN-L0225"",""language"":""EN"",""line"":225,""section"":""05  Beyond “Next Generation”: How Mature Is the Evidence?"",""subsection"":""Table F04｜Evidence Maturity Varies Across New Designs""},{""claim_location_id"":""EN-L0227"",""language"":""EN"",""line"":227,""section"":""05  Beyond “Next Generation”: How Mature Is the Evidence?"",""subsection"":""Table F04｜Evidence Maturity Varies Across New Designs""},{""claim_location_id"":""EN-L0578"",""language"":""EN"",""line"":578,""section"":""Appendix A  Global Company and Collaboration Map"",""subsection"":""Table F13｜Global Company Map: Selected by Competitive Role""},{""claim_location_id"":""EN-L0584"",""language"":""EN"",""line"":584,""section"":""Appendix A  Global Company and Collaboration Map"",""subsection"":""Table F13｜Global Company Map: Selected by Competitive Role""}]",partially_supported,Assessment of the specified original wording before the corrections in this supplement.,中國三期期中資料及中國以外 BMS/SystImmune 共同開發有直接支持；公司地圖把合作不分地域概括為「全球合作」過寬，建議精確化。未把公司公告提升成期刊證據。,Exact wording narrowed or clarified; see applied_corrections and changes.json. Earlier proposed/needs language records the before-correction assessment.,"[""ZH-L0578"",""EN-L0578""]","[{""path"":""evidence/C11.txt"",""bytes"":2459,""sha256"":""34d591dcb1ebd006ecdebc7e20e0be2da59019ba7111b74d4af81c8aea056f7f"",""kind"":""public_minimum_excerpt_and_extracted_values""}]",null,null,null
C12,Raab et al. HDP-101 IMS 2026 poster PA-216,https://heidelberg-pharma.com/images/managed/HDP-101-01_IMS_poster.pdf,2026-09-24,2026-09-03,2026-10-07T18:42:25+08:00,Asia/Taipei,original_web_ref_same_url,原 URL 單頁 IMS 2026 海報的 web 工具 PDF 文字；僅必要研究設計、進展及安全性/PK-PD 段，未在本輪核圖像,直接 URL 首次工具報 not accessible；原已用 turn62view0 正常回讀同一 URL 單頁 PDF 文字（不是替代 URL）。,"[""PDF 第1頁：Design & Methodology L30–35；Study Progress L43–53"",""PDF 第1頁：Results / Demographics L57–62；PK/PD L83–86；Conclusions L88–91；Data cutoff L128""]","{""material_path"":""evidence/C12.txt"",""locator_within_material"":""Minimum verbatim excerpt(s) / 最小原文摘錄; followed by original numeric or structured fields"",""storage_note"":""The actual minimal original quotation is in the supplied hashed UTF-8 evidence file; not copied again into CSV/JSON.""}","[{""locator"":""p1 L57–59, L128"",""trial_data_cutoff"":""2026-09-03"",""phase"":1,""N_dosed"":53,""dose_escalation_cohorts"":10,""dose_range"":[20,218],""dose_unit"":""µg/kg""},{""locator"":""p1 Study Progress L44–53"",""RP2D"":175,""unit"":""µg/kg"",""schedule"":""首劑分次並預先給藥；之後 Q3W"",""phase2a_expansion"":""已開始收案"",""premedication_classes"":[""corticosteroids"",""antihistamines""],""risk_targets"":[""thrombocytopenia"",""liver enzyme elevations""]},{""locator"":""p1 L85–86"",""evidence_level"":""當時 PK/PD 模型支持首劑分次降低對血小板及肝功能的影響；非隨機獨立比較證實""}]","[{""claim_location_id"":""ZH-L0193"",""language"":""ZH"",""line"":193,""section"":""04　把工程名詞翻成可驗證的改善"",""subsection"":""比較表 F03｜技術路線應對準哪個失效環節？""},{""claim_location_id"":""ZH-L0219"",""language"":""ZH"",""line"":219,""section"":""05　「新一代」之外，證據走到哪裡？"",""subsection"":""比較表 F04｜新設計的證據成熟度，並不整齊""},{""claim_location_id"":""ZH-L0225"",""language"":""ZH"",""line"":225,""section"":""05　「新一代」之外，證據走到哪裡？"",""subsection"":""比較表 F04｜新設計的證據成熟度，並不整齊""},{""claim_location_id"":""ZH-L0229"",""language"":""ZH"",""line"":229,""section"":""05　「新一代」之外，證據走到哪裡？"",""subsection"":""比較表 F04｜新設計的證據成熟度，並不整齊""},{""claim_location_id"":""ZH-L0352"",""language"":""ZH"",""line"":352,""section"":""08　更好的治療窗，要看完整給藥過程"",""subsection"":""比較表 F06｜把「治療窗較好」拆成四份證據""},{""claim_location_id"":""ZH-L0356"",""language"":""ZH"",""line"":356,""section"":""08　更好的治療窗，要看完整給藥過程"",""subsection"":""比較表 F06｜把「治療窗較好」拆成四份證據""},{""claim_location_id"":""ZH-L0360"",""language"":""ZH"",""line"":360,""section"":""08　更好的治療窗，要看完整給藥過程"",""subsection"":""比較表 F06｜把「治療窗較好」拆成四份證據""},{""claim_location_id"":""EN-L0193"",""language"":""EN"",""line"":193,""section"":""04  Translate Engineering Labels into Testable Improvements"",""subsection"":""Table F03｜Which Point of Failure Does Each Design Address?""},{""claim_location_id"":""EN-L0219"",""language"":""EN"",""line"":219,""section"":""05  Beyond “Next Generation”: How Mature Is the Evidence?"",""subsection"":""Table F04｜Evidence Maturity Varies Across New Designs""},{""claim_location_id"":""EN-L0225"",""language"":""EN"",""line"":225,""section"":""05  Beyond “Next Generation”: How Mature Is the Evidence?"",""subsection"":""Table F04｜Evidence Maturity Varies Across New Designs""},{""claim_location_id"":""EN-L0229"",""language"":""EN"",""line"":229,""section"":""05  Beyond “Next Generation”: How Mature Is the Evidence?"",""subsection"":""Table F04｜Evidence Maturity Varies Across New Designs""},{""claim_location_id"":""EN-L0352"",""language"":""EN"",""line"":352,""section"":""08  A Better Therapeutic Window Requires the Full Dosing Picture"",""subsection"":""Table F06｜Four Types of Evidence Behind a Better Therapeutic Window""},{""claim_location_id"":""EN-L0356"",""language"":""EN"",""line"":356,""section"":""08  A Better Therapeutic Window Requires the Full Dosing Picture"",""subsection"":""Table F06｜Four Types of Evidence Behind a Better Therapeutic Window""},{""claim_location_id"":""EN-L0360"",""language"":""EN"",""line"":360,""section"":""08  A Better Therapeutic Window Requires the Full Dosing Picture"",""subsection"":""Table F06｜Four Types of Evidence Behind a Better Therapeutic Window""}]",supported,Assessment of the specified original wording before the corrections in this supplement.,支持早期 RRMM 劑量/進展與給藥管理；未證明實體癌的 prior Topo-I ADC 療效，也未將模型或單臂資料作確認性治療窗比較。source_date 2026-09-24 按附件保留；本頁直接可核的是 2026-09-03 cutoff。,Original assigned contribution retained within the stated read level and boundary.,[],"[{""path"":""evidence/C12.txt"",""bytes"":2198,""sha256"":""7751a2a72decd13156abd51bfefd035d1365d8230915155a31f8a51af5eb5077"",""kind"":""public_minimum_excerpt_and_extracted_values""}]",null,null,null
C16,AstraZeneca H1 and Q2 2026 Clinical Trials Appendix,https://www.astrazeneca.com/content/dam/az/PDF/2026/h1q2/H1-and-Q2-2026-results-clinical-trials-appendix.pdf,2026-07-27,2026-07-27,2026-10-07T18:42:25+08:00,Asia/Taipei,public_url_web_tool,154頁公司公開 PDF，只核 ADC 必要試驗列：印刷第15–16頁（PDF index14–15）及日期；未分析全份,正常取得原 URL PDF 文字；未保存或聲稱下載全 PDF,"[""封面 H1 2026 Results Update / 27 July 2026，L0–2"",""印刷第15頁，TROPION-Breast03，L850–866"",""印刷第16頁：AVANZAR L909–919；TROPION-Lung07 L921–936；Lung08 L938–952；Lung15 L989–1006""]","{""material_path"":""evidence/C16.txt"",""locator_within_material"":""Minimum verbatim excerpt(s) / 最小原文摘錄; followed by original numeric or structured fields"",""storage_note"":""The actual minimal original quotation is in the supplied hashed UTF-8 evidence file; not copied again into CSV/JSON.""}","[{""trial"":""AVANZAR"",""locator"":""印刷p16 L909–919"",""date_guidance"":""H2 2026"",""kind"":""company anticipated data"",""population"":""1L 局部晚期/轉移 NSCLC，無可作用基因改變""},{""trial"":""TROPION-Lung15"",""locator"":""印刷p16 L989–1006"",""date_guidance"":""H2 2026"",""kind"":""company anticipated data"",""population"":""2L EGFRm NSCLC，先前 Tagrisso 後進展""},{""trial"":""TROPION-Lung07"",""locator"":""印刷p16 L921–936"",""date_guidance"":""H1 2027"",""kind"":""company anticipated data"",""population"":""1L PD-L1 TC <50% NSCLC，無可作用基因改變""},{""trial"":""TROPION-Lung08"",""locator"":""印刷p16 L938–952"",""date_guidance"":""H1 2027"",""kind"":""company anticipated data"",""population"":""1L PD-L1 TC >=50% 非鱗狀 NSCLC，無可作用基因改變""},{""trial"":""TROPION-Breast03"",""locator"":""印刷p15 L850–866"",""date_guidance"":""H2 2027"",""kind"":""company anticipated data"",""population"":""術前治療後未達 pCR 的 I–III 期 TNBC""}]","[{""claim_location_id"":""ZH-L0513"",""language"":""ZH"",""line"":513,""section"":""14　未來十二個月，什麼事件會改變判斷？"",""subsection"":""比較表 F11｜未來十二個月：哪些事件值得改判？""},{""claim_location_id"":""ZH-L0516"",""language"":""ZH"",""line"":516,""section"":""14　未來十二個月，什麼事件會改變判斷？"",""subsection"":""比較表 F11｜未來十二個月：哪些事件值得改判？""},{""claim_location_id"":""ZH-L0517"",""language"":""ZH"",""line"":517,""section"":""14　未來十二個月，什麼事件會改變判斷？"",""subsection"":""比較表 F11｜未來十二個月：哪些事件值得改判？""},{""claim_location_id"":""ZH-L0521"",""language"":""ZH"",""line"":521,""section"":""14　未來十二個月，什麼事件會改變判斷？"",""subsection"":""比較表 F11｜未來十二個月：哪些事件值得改判？""},{""claim_location_id"":""ZH-L0523"",""language"":""ZH"",""line"":523,""section"":""14　未來十二個月，什麼事件會改變判斷？"",""subsection"":""比較表 F11｜未來十二個月：哪些事件值得改判？""},{""claim_location_id"":""EN-L0513"",""language"":""EN"",""line"":513,""section"":""14  Which Events Could Change the Assessment over Twelve Months?"",""subsection"":""Table F11｜The Next Twelve Months: Which Events Could Change the Assessment?""},{""claim_location_id"":""EN-L0516"",""language"":""EN"",""line"":516,""section"":""14  Which Events Could Change the Assessment over Twelve Months?"",""subsection"":""Table F11｜The Next Twelve Months: Which Events Could Change the Assessment?""},{""claim_location_id"":""EN-L0517"",""language"":""EN"",""line"":517,""section"":""14  Which Events Could Change the Assessment over Twelve Months?"",""subsection"":""Table F11｜The Next Twelve Months: Which Events Could Change the Assessment?""},{""claim_location_id"":""EN-L0521"",""language"":""EN"",""line"":521,""section"":""14  Which Events Could Change the Assessment over Twelve Months?"",""subsection"":""Table F11｜The Next Twelve Months: Which Events Could Change the Assessment?""},{""claim_location_id"":""EN-L0523"",""language"":""EN"",""line"":523,""section"":""14  Which Events Could Change the Assessment over Twelve Months?"",""subsection"":""Table F11｜The Next Twelve Months: Which Events Could Change the Assessment?""}]",partially_supported,Assessment of the specified original wording before the corrections in this supplement.,現版直接支持五項 anticipated data 時窗；不能單憑本版證明 Lung07 曾從舊 H2 2026 改期。未查其他年份原始版本，建議僅刪舊版比較子句。,Exact wording narrowed or clarified; see applied_corrections and changes.json. Earlier proposed/needs language records the before-correction assessment.,"[""ZH-L0523"",""EN-L0523""]","[{""path"":""evidence/C16.txt"",""bytes"":2397,""sha256"":""c2c628a303e2e468adb5a44aa9c702fe577595bc255831fc4fe09ed79800a7a2"",""kind"":""public_minimum_excerpt_and_extracted_values""}]",null,null,null
C17,ClinicalTrials.gov: A Study Comparing BL-B01D1 With Chemotherapy of Physician's Choice in Patients With Unresectable Locally Advanced or Metastatic Triple-Negative Breast Cancer(PANKU-Breast02),https://clinicaltrials.gov/study/NCT06382142,2024-04-24,2026-07-23,2026-10-07T18:42:25+08:00,Asia/Taipei,stored_excerpt_review,已存 ClinicalTrials.gov 官方公開 API 字段選錄；原始完整 HTTP JSON 未保存；本輪未網路重取,已實讀原先保存的登錄日期、設計及必要排除字段；沒有用作者 clinical_records 結論替代,"[""research/clinical.json#/registry_records[source_id=C17]"",""原 API eligibilityCriteria 排除條件；本地 prior_adc_or_specific_exclusions[0]"",""本地 status.lastUpdatePostDateStruct""]","{""material_path"":""evidence/C17.txt"",""locator_within_material"":""Minimum verbatim excerpt(s) / 最小原文摘錄; followed by original numeric or structured fields"",""storage_note"":""The actual minimal original quotation is in the supplied hashed UTF-8 evidence file; not copied again into CSV/JSON.""}","[{""locator"":""research/clinical.json#/registry_records[source_id=C17]/status.lastUpdatePostDateStruct"",""date"":""2026-07-23""},{""locator"":""research/clinical.json#/registry_records[source_id=C17]/design.enrollmentInfo"",""N"":418,""type"":""ACTUAL""},{""locator"":""research/clinical.json#/registry_records[source_id=C17]/prior_adc_or_specific_exclusions[0]"",""excluded_prior_treatment"":""含 TOPI 抑制負載的 ADC""}]","[{""claim_location_id"":""ZH-L0218"",""language"":""ZH"",""line"":218,""section"":""05　「新一代」之外，證據走到哪裡？"",""subsection"":""比較表 F04｜新設計的證據成熟度，並不整齊""},{""claim_location_id"":""ZH-L0225"",""language"":""ZH"",""line"":225,""section"":""05　「新一代」之外，證據走到哪裡？"",""subsection"":""比較表 F04｜新設計的證據成熟度，並不整齊""},{""claim_location_id"":""ZH-L0227"",""language"":""ZH"",""line"":227,""section"":""05　「新一代」之外，證據走到哪裡？"",""subsection"":""比較表 F04｜新設計的證據成熟度，並不整齊""},{""claim_location_id"":""ZH-L0249"",""language"":""ZH"",""line"":249,""section"":""06　最有價值的缺口：ADC 之後怎麼治？"",""subsection"":""比較表 F02｜接續治療的三個缺口""},{""claim_location_id"":""ZH-L0253"",""language"":""ZH"",""line"":253,""section"":""06　最有價值的缺口：ADC 之後怎麼治？"",""subsection"":""比較表 F02｜接續治療的三個缺口""},{""claim_location_id"":""ZH-L0547"",""language"":""ZH"",""line"":547,""section"":""15　把差異的價值，落在下一個決策"",""subsection"":""比較表 F12｜三種情境，如何改變研發與合作優先序？""},{""claim_location_id"":""EN-L0218"",""language"":""EN"",""line"":218,""section"":""05  Beyond “Next Generation”: How Mature Is the Evidence?"",""subsection"":""Table F04｜Evidence Maturity Varies Across New Designs""},{""claim_location_id"":""EN-L0225"",""language"":""EN"",""line"":225,""section"":""05  Beyond “Next Generation”: How Mature Is the Evidence?"",""subsection"":""Table F04｜Evidence Maturity Varies Across New Designs""},{""claim_location_id"":""EN-L0227"",""language"":""EN"",""line"":227,""section"":""05  Beyond “Next Generation”: How Mature Is the Evidence?"",""subsection"":""Table F04｜Evidence Maturity Varies Across New Designs""},{""claim_location_id"":""EN-L0249"",""language"":""EN"",""line"":249,""section"":""06  A Valuable Gap: What Comes after an ADC?"",""subsection"":""Table F02｜Three Evidence Gaps in ADC Sequencing""},{""claim_location_id"":""EN-L0253"",""language"":""EN"",""line"":253,""section"":""06  A Valuable Gap: What Comes after an ADC?"",""subsection"":""Table F02｜Three Evidence Gaps in ADC Sequencing""},{""claim_location_id"":""EN-L0547"",""language"":""EN"",""line"":547,""section"":""15  Connect the Value of a Difference to the Next Decision"",""subsection"":""Table F12｜Three Scenarios That Could Change R&D and Partnership Priorities""}]",supported,Assessment of the specified original wording before the corrections in this supplement.,限原保存字段和該次登錄版本；不是結果論文、不是本輪刷新登錄。,Original assigned contribution retained within the stated read level and boundary.,[],"[{""path"":""evidence/C17.txt"",""bytes"":1861,""sha256"":""f9cc6c47dcd54796a327a14db9b9eeed4642891a363f547f3231ae98ad6ebb18"",""kind"":""public_minimum_excerpt_and_extracted_values""}]",null,null,null
C21,ClinicalTrials.gov: A Study of Trastuzumab Deruxtecan (T-DXd) Versus Trastuzumab Emtansine (T-DM1) in High-risk HER2-positive Participants With Residual Invasive Breast Cancer Following Neoadjuvant Therapy (DESTINY-Breast05),https://clinicaltrials.gov/study/NCT04622319,2020-11-09,2026-05-15,2026-10-07T18:42:25+08:00,Asia/Taipei,stored_excerpt_review,已存 ClinicalTrials.gov 官方公開 API 字段選錄；原始完整 HTTP JSON 未保存；本輪未網路重取,已實讀原先保存的登錄日期、設計及必要排除字段；沒有用作者 clinical_records 結論替代,"[""research/clinical.json#/registry_records[source_id=C21]"",""原 API eligibilityCriteria 排除條件；本地 prior_adc_or_specific_exclusions[1]"",""本地 official_title；primary_outcomes[0]；status.lastUpdatePostDateStruct""]","{""material_path"":""evidence/C21.txt"",""locator_within_material"":""Minimum verbatim excerpt(s) / 最小原文摘錄; followed by original numeric or structured fields"",""storage_note"":""The actual minimal original quotation is in the supplied hashed UTF-8 evidence file; not copied again into CSV/JSON.""}","[{""locator"":""research/clinical.json#/registry_records[source_id=C21]/status.lastUpdatePostDateStruct"",""date"":""2026-05-15""},{""locator"":""research/clinical.json#/registry_records[source_id=C21]/prior_adc_or_specific_exclusions[1]"",""excluded_prior_treatment"":[""T-DXd"",""T-DM1"",""other anti-HER2 ADC""]},{""locator"":""research/clinical.json#/registry_records[source_id=C21]/official_title"",""comparison"":[""T-DXd"",""T-DM1""],""population"":""新輔助治療後高風險 HER2+ 乳癌殘餘侵襲病灶"",""endpoint"":""iDFS""}]","[{""claim_location_id"":""ZH-L0250"",""language"":""ZH"",""line"":250,""section"":""06　最有價值的缺口：ADC 之後怎麼治？"",""subsection"":""比較表 F02｜接續治療的三個缺口""},{""claim_location_id"":""ZH-L0253"",""language"":""ZH"",""line"":253,""section"":""06　最有價值的缺口：ADC 之後怎麼治？"",""subsection"":""比較表 F02｜接續治療的三個缺口""},{""claim_location_id"":""ZH-L0255"",""language"":""ZH"",""line"":255,""section"":""06　最有價值的缺口：ADC 之後怎麼治？"",""subsection"":""比較表 F02｜接續治療的三個缺口""},{""claim_location_id"":""EN-L0250"",""language"":""EN"",""line"":250,""section"":""06  A Valuable Gap: What Comes after an ADC?"",""subsection"":""Table F02｜Three Evidence Gaps in ADC Sequencing""},{""claim_location_id"":""EN-L0253"",""language"":""EN"",""line"":253,""section"":""06  A Valuable Gap: What Comes after an ADC?"",""subsection"":""Table F02｜Three Evidence Gaps in ADC Sequencing""},{""claim_location_id"":""EN-L0255"",""language"":""EN"",""line"":255,""section"":""06  A Valuable Gap: What Comes after an ADC?"",""subsection"":""Table F02｜Three Evidence Gaps in ADC Sequencing""}]",supported,Assessment of the specified original wording before the corrections in this supplement.,限原保存字段和該次登錄版本；不是結果論文、不是本輪刷新登錄。,Original assigned contribution retained within the stated read level and boundary.,[],"[{""path"":""evidence/C21.txt"",""bytes"":2077,""sha256"":""a1434e7e5724639d9a56a2cb70720239f982f05b9bf4927c9ae480ed30bc0301"",""kind"":""public_minimum_excerpt_and_extracted_values""}]",null,null,null
C22,"ClinicalTrials.gov: Trastuzumab Deruxtecan (T-DXd) With or Without Pertuzumab Versus Taxane, Trastuzumab and Pertuzumab in HER2-positive Metastatic Breast Cancer (DESTINY-Breast09)",https://clinicaltrials.gov/study/NCT04784715,2021-03-05,2026-07-30,2026-10-07T18:42:25+08:00,Asia/Taipei,stored_excerpt_review,已存 ClinicalTrials.gov 官方公開 API 字段選錄；原始完整 HTTP JSON 未保存；本輪未網路重取,已實讀原先保存的登錄日期、設計及必要排除字段；沒有用作者 clinical_records 結論替代,"[""research/clinical.json#/registry_records[source_id=C22]"",""本地 status.primaryCompletionDateStruct；status.lastUpdatePostDateStruct；official_title/design/primary_outcomes""]","{""material_path"":""evidence/C22.txt"",""locator_within_material"":""Minimum verbatim excerpt(s) / 最小原文摘錄; followed by original numeric or structured fields"",""storage_note"":""The actual minimal original quotation is in the supplied hashed UTF-8 evidence file; not copied again into CSV/JSON.""}","[{""locator"":""research/clinical.json#/registry_records[source_id=C22]/status.primaryCompletionDateStruct"",""date"":""2026-11-11"",""type"":""ESTIMATED"",""meaning"":""primary completion，非數據發表或監管決策日""},{""locator"":""research/clinical.json#/registry_records[source_id=C22]/status.lastUpdatePostDateStruct"",""date"":""2026-07-30""},{""locator"":""research/clinical.json#/registry_records[source_id=C22]/design.designInfo.interventionModelDescription"",""arms"":[""T-DXd + pertuzumab-matching placebo"",""T-DXd + pertuzumab"",""taxane + trastuzumab + pertuzumab""],""number_of_arms"":3}]","[{""claim_location_id"":""ZH-L0514"",""language"":""ZH"",""line"":514,""section"":""14　未來十二個月，什麼事件會改變判斷？"",""subsection"":""比較表 F11｜未來十二個月：哪些事件值得改判？""},{""claim_location_id"":""ZH-L0521"",""language"":""ZH"",""line"":521,""section"":""14　未來十二個月，什麼事件會改變判斷？"",""subsection"":""比較表 F11｜未來十二個月：哪些事件值得改判？""},{""claim_location_id"":""EN-L0514"",""language"":""EN"",""line"":514,""section"":""14  Which Events Could Change the Assessment over Twelve Months?"",""subsection"":""Table F11｜The Next Twelve Months: Which Events Could Change the Assessment?""},{""claim_location_id"":""EN-L0521"",""language"":""EN"",""line"":521,""section"":""14  Which Events Could Change the Assessment over Twelve Months?"",""subsection"":""Table F11｜The Next Twelve Months: Which Events Could Change the Assessment?""}]",supported,Assessment of the specified original wording before the corrections in this supplement.,限原保存字段和該次登錄版本；不是結果論文、不是本輪刷新登錄。,Original assigned contribution retained within the stated read level and boundary.,[],"[{""path"":""evidence/C22.txt"",""bytes"":2079,""sha256"":""b81862f525b6cda99e28167d9bec2434b6b1957893e3953d46a7891183bbc90b"",""kind"":""public_minimum_excerpt_and_extracted_values""}]",null,null,null
C23,ClinicalTrials.gov: A Study of Ifinatamab Deruxtecan Versus Treatment of Physician's Choice in Subjects With Relapsed Small Cell Lung Cancer,https://clinicaltrials.gov/study/NCT06203210,2024-01-12,2026-08-06,2026-10-07T18:42:25+08:00,Asia/Taipei,stored_excerpt_review,已存 ClinicalTrials.gov 官方公開 API 字段選錄；原始完整 HTTP JSON 未保存；本輪未網路重取,已實讀原先保存的登錄日期、設計及必要排除字段；沒有用作者 clinical_records 結論替代,"[""research/clinical.json#/registry_records[source_id=C23]"",""本地 status.primaryCompletionDateStruct；status.lastUpdatePostDateStruct；official_title/design/primary_outcomes""]","{""material_path"":""evidence/C23.txt"",""locator_within_material"":""Minimum verbatim excerpt(s) / 最小原文摘錄; followed by original numeric or structured fields"",""storage_note"":""The actual minimal original quotation is in the supplied hashed UTF-8 evidence file; not copied again into CSV/JSON.""}","[{""locator"":""research/clinical.json#/registry_records[source_id=C23]/status.primaryCompletionDateStruct"",""date"":""2028-01-30"",""type"":""ESTIMATED"",""meaning"":""primary completion，非數據發表或監管決策日""},{""locator"":""research/clinical.json#/registry_records[source_id=C23]/status.lastUpdatePostDateStruct"",""date"":""2026-08-06""}]","[{""claim_location_id"":""ZH-L0523"",""language"":""ZH"",""line"":523,""section"":""14　未來十二個月，什麼事件會改變判斷？"",""subsection"":""比較表 F11｜未來十二個月：哪些事件值得改判？""},{""claim_location_id"":""EN-L0523"",""language"":""EN"",""line"":523,""section"":""14  Which Events Could Change the Assessment over Twelve Months?"",""subsection"":""Table F11｜The Next Twelve Months: Which Events Could Change the Assessment?""}]",supported,Assessment of the specified original wording before the corrections in this supplement.,限原保存字段和該次登錄版本；不是結果論文、不是本輪刷新登錄。,Original assigned contribution retained within the stated read level and boundary.,[],"[{""path"":""evidence/C23.txt"",""bytes"":1789,""sha256"":""4e4c76f10710da83775a6123ed0b4799ea880e17b7b523e4e0f519fd1642ee2b"",""kind"":""public_minimum_excerpt_and_extracted_values""}]",null,null,null
C24,ClinicalTrials.gov: A Study of Dato-DXd With or Without Durvalumab Versus Investigator's Choice of Therapy in Patients With Stage I-III Triple-negative Breast Cancer Without Pathological Complete Response Following Neoadjuvant Therapy (TROPION-Breast03),https://clinicaltrials.gov/study/NCT05629585,2022-11-29,2026-06-15,2026-10-07T18:42:25+08:00,Asia/Taipei,stored_excerpt_review,已存 ClinicalTrials.gov 官方公開 API 字段選錄；原始完整 HTTP JSON 未保存；本輪未網路重取,已實讀原先保存的登錄日期、設計及必要排除字段；沒有用作者 clinical_records 結論替代,"[""research/clinical.json#/registry_records[source_id=C24]"",""本地 status.primaryCompletionDateStruct；status.lastUpdatePostDateStruct；official_title/design/primary_outcomes""]","{""material_path"":""evidence/C24.txt"",""locator_within_material"":""Minimum verbatim excerpt(s) / 最小原文摘錄; followed by original numeric or structured fields"",""storage_note"":""The actual minimal original quotation is in the supplied hashed UTF-8 evidence file; not copied again into CSV/JSON.""}","[{""locator"":""research/clinical.json#/registry_records[source_id=C24]/status.primaryCompletionDateStruct"",""date"":""2027-09-20"",""type"":""ESTIMATED"",""meaning"":""primary completion，非數據發表或監管決策日""},{""locator"":""research/clinical.json#/registry_records[source_id=C24]/status.lastUpdatePostDateStruct"",""date"":""2026-06-15""},{""locator"":""research/clinical.json#/registry_records[source_id=C24]/official_title, primary_outcomes[0]"",""population"":""I–III 期 TNBC，新輔助治療後有殘餘侵襲病灶"",""primary_comparison"":""Dato-DXd + durvalumab vs ICT"",""endpoint"":""iDFS""}]","[{""claim_location_id"":""ZH-L0517"",""language"":""ZH"",""line"":517,""section"":""14　未來十二個月，什麼事件會改變判斷？"",""subsection"":""比較表 F11｜未來十二個月：哪些事件值得改判？""},{""claim_location_id"":""ZH-L0521"",""language"":""ZH"",""line"":521,""section"":""14　未來十二個月，什麼事件會改變判斷？"",""subsection"":""比較表 F11｜未來十二個月：哪些事件值得改判？""},{""claim_location_id"":""EN-L0517"",""language"":""EN"",""line"":517,""section"":""14  Which Events Could Change the Assessment over Twelve Months?"",""subsection"":""Table F11｜The Next Twelve Months: Which Events Could Change the Assessment?""},{""claim_location_id"":""EN-L0521"",""language"":""EN"",""line"":521,""section"":""14  Which Events Could Change the Assessment over Twelve Months?"",""subsection"":""Table F11｜The Next Twelve Months: Which Events Could Change the Assessment?""}]",supported,Assessment of the specified original wording before the corrections in this supplement.,限原保存字段和該次登錄版本；不是結果論文、不是本輪刷新登錄。,Original assigned contribution retained within the stated read level and boundary.,[],"[{""path"":""evidence/C24.txt"",""bytes"":2069,""sha256"":""44d2d3fbe838c9763b805b017447a24be526bba24c98105958c462153a4fbdb3"",""kind"":""public_minimum_excerpt_and_extracted_values""}]",null,null,null
D04,Patritumab Deruxtecan BLA Receives Complete Response Letter Due to Third-Party Manufacturer Inspection,https://www.merck.com/news/patritumab-deruxtecan-bla-submission-receives-complete-response-letter-from-fda-due-to-inspection-findings-at-third-party-manufacturer/,2024-06-26,2024-06-26,2026-10-07T18:42:41+08:00,Asia/Taipei,public_web_tool_readback_prior_ref,web_extracted_relevant_primary_source_sections,specified original public URL returned the necessary text; no access-control block encountered,"[{""section"":""Company announcement opening; retrieved lines 94–110, especially 104–105."",""web_ref"":""turn110view0""}]","{""material_path"":""evidence/D04.txt"",""locator_within_material"":""Minimum verbatim excerpt(s) / 最小原文摘錄; followed by original numeric or structured fields"",""storage_note"":""The actual minimal original quotation is in the supplied hashed UTF-8 evidence file; not copied again into CSV/JSON.""}","[{""field"":""announcement_date"",""original_value"":""June 26, 2024"",""unit_or_role"":""calendar date"",""locator"":""L94""},{""field"":""CRL_basis"",""original_value"":""third-party manufacturing inspection"",""unit_or_role"":""company-reported status"",""locator"":""L104""},{""field"":""submitted_efficacy_safety_issues"",""original_value"":""none identified in the CRL, according to the companies"",""unit_or_role"":""company-reported status"",""locator"":""L105""}]","[{""claim_location_id"":""ZH-L0376"",""language"":""ZH"",""line"":376,""section"":""09　平台成熟之後，監管仍逐項檢驗"",""subsection"":""HER3-DXd：同一產品，曾遇到不同層次的障礙""},{""claim_location_id"":""EN-L0376"",""language"":""EN"",""line"":376,""section"":""09  A Mature Platform Still Faces Product-Specific Regulatory Tests"",""subsection"":""HER3-DXd: the same product has faced distinct types of obstacles""}]",supported,Assessment of the specified original wording before the corrections in this supplement.,null,Original assigned contribution retained within the stated read level and boundary.,[],"[{""path"":""evidence/D04.txt"",""bytes"":2393,""sha256"":""7f61595de1f670087fe4160e4aa28e3aeae1ed67026841fe4618610720c2d5f2"",""kind"":""bounded_original_excerpt_and_factual_extraction""}]",null,null,null
D05,Patritumab Deruxtecan BLA Voluntarily Withdrawn,https://www.merck.com/news/patritumab-deruxtecan-biologics-license-application-for-patients-with-previously-treated-locally-advanced-or-metastatic-egfr-mutated-non-small-cell-lung-cancer-voluntarily-withdrawn/,2025-05-29,2025-05-29,2026-10-07T18:42:41+08:00,Asia/Taipei,public_web_tool_readback_prior_ref,web_extracted_relevant_primary_source_sections,specified original public URL returned the necessary text; no access-control block encountered,"[{""section"":""Opening withdrawal paragraphs; retrieved lines 94–105, especially 96–98."",""web_ref"":""turn112view0""}]","{""material_path"":""evidence/D05.txt"",""locator_within_material"":""Minimum verbatim excerpt(s) / 最小原文摘錄; followed by original numeric or structured fields"",""storage_note"":""The actual minimal original quotation is in the supplied hashed UTF-8 evidence file; not copied again into CSV/JSON.""}","[{""field"":""announcement_date"",""original_value"":""May 29, 2025"",""unit_or_role"":""calendar date"",""locator"":""L94–95""},{""field"":""OS_status"",""original_value"":""did not meet statistical significance"",""unit_or_role"":""categorical trial result; no new numeric estimate extracted"",""locator"":""L97""},{""field"":""withdrawal_status"",""original_value"":""voluntarily withdrawn"",""unit_or_role"":""regulatory application status described by companies"",""locator"":""L96""}]","[{""claim_location_id"":""ZH-L0378"",""language"":""ZH"",""line"":378,""section"":""09　平台成熟之後，監管仍逐項檢驗"",""subsection"":""HER3-DXd：同一產品，曾遇到不同層次的障礙""},{""claim_location_id"":""ZH-L0571"",""language"":""ZH"",""line"":571,""section"":""附錄 A　全球公司與合作地圖"",""subsection"":""比較表 F13｜全球公司地圖：依競爭角色選列""},{""claim_location_id"":""ZH-L0584"",""language"":""ZH"",""line"":584,""section"":""附錄 A　全球公司與合作地圖"",""subsection"":""比較表 F13｜全球公司地圖：依競爭角色選列""},{""claim_location_id"":""EN-L0378"",""language"":""EN"",""line"":378,""section"":""09  A Mature Platform Still Faces Product-Specific Regulatory Tests"",""subsection"":""HER3-DXd: the same product has faced distinct types of obstacles""},{""claim_location_id"":""EN-L0571"",""language"":""EN"",""line"":571,""section"":""Appendix A  Global Company and Collaboration Map"",""subsection"":""Table F13｜Global Company Map: Selected by Competitive Role""},{""claim_location_id"":""EN-L0584"",""language"":""EN"",""line"":584,""section"":""Appendix A  Global Company and Collaboration Map"",""subsection"":""Table F13｜Global Company Map: Selected by Competitive Role""}]",supported,Assessment of the specified original wording before the corrections in this supplement.,null,Original assigned contribution retained within the stated read level and boundary.,[],"[{""path"":""evidence/D05.txt"",""bytes"":2359,""sha256"":""fca885f7295785f179235933a038cc344cddf08b79b6284157c18b71dd7d787c"",""kind"":""bounded_original_excerpt_and_factual_extraction""}]",null,null,null
D07,Pfizer Completes Acquisition of Seagen,https://www.pfizer.com/news/press-release/press-release-detail/pfizer-completes-acquisition-seagen,2023-12-14,2023-12-14,2026-10-07T18:42:41+08:00,Asia/Taipei,public_web_tool_readback_prior_ref,web_extracted_relevant_primary_source_sections,specified original public URL returned the necessary text; no access-control block encountered,"[{""section"":""Acquisition completion release; retrieved lines 101–112, especially 107."",""web_ref"":""turn112view1""}]","{""material_path"":""evidence/D07.txt"",""locator_within_material"":""Minimum verbatim excerpt(s) / 最小原文摘錄; followed by original numeric or structured fields"",""storage_note"":""The actual minimal original quotation is in the supplied hashed UTF-8 evidence file; not copied again into CSV/JSON.""}","[{""field"":""completion_announcement_date"",""original_value"":""December 14, 2023"",""unit_or_role"":""calendar date"",""locator"":""L101""},{""field"":""equity_scope"",""original_value"":""all outstanding common stock of Seagen"",""unit_or_role"":""acquired equity scope"",""locator"":""L107""}]","[{""claim_location_id"":""ZH-L0572"",""language"":""ZH"",""line"":572,""section"":""附錄 A　全球公司與合作地圖"",""subsection"":""比較表 F13｜全球公司地圖：依競爭角色選列""},{""claim_location_id"":""ZH-L0584"",""language"":""ZH"",""line"":584,""section"":""附錄 A　全球公司與合作地圖"",""subsection"":""比較表 F13｜全球公司地圖：依競爭角色選列""},{""claim_location_id"":""EN-L0572"",""language"":""EN"",""line"":572,""section"":""Appendix A  Global Company and Collaboration Map"",""subsection"":""Table F13｜Global Company Map: Selected by Competitive Role""},{""claim_location_id"":""EN-L0584"",""language"":""EN"",""line"":584,""section"":""Appendix A  Global Company and Collaboration Map"",""subsection"":""Table F13｜Global Company Map: Selected by Competitive Role""}]",partially_supported,Assessment of the specified original wording before the corrections in this supplement.,The phrase no longer independently listed is not stated as an exchange delisting fact in the retrieved release. Full ownership is directly supported; a narrower ownership statement is proposed.,Exact wording narrowed or clarified; see applied_corrections and changes.json. Earlier proposed/needs language records the before-correction assessment.,"[""ZH-L0572"",""EN-L0572""]","[{""path"":""evidence/D07.txt"",""bytes"":2148,""sha256"":""76f9c02cfaceee003c23044ee5a88cfc7d73e8a275e3d653445c42d71afada2e"",""kind"":""bounded_original_excerpt_and_factual_extraction""}]",null,null,null
D10,AbbVie Completes Acquisition of ImmunoGen,https://news.abbvie.com/2024-02-12-AbbVie-Completes-Acquisition-of-ImmunoGen,2024-02-12,2024-02-12,2026-10-07T18:42:41+08:00,Asia/Taipei,public_web_tool_readback_prior_ref,web_extracted_relevant_primary_source_sections,specified original public URL returned the necessary text; no access-control block encountered,"[{""section"":""Company release title/date, bullets and opening paragraphs; retrieved lines 9–27, especially 15–16, 20 and 25."",""web_ref"":""turn112view3""}]","{""material_path"":""evidence/D10.txt"",""locator_within_material"":""Minimum verbatim excerpt(s) / 最小原文摘錄; followed by original numeric or structured fields"",""storage_note"":""The actual minimal original quotation is in the supplied hashed UTF-8 evidence file; not copied again into CSV/JSON.""}","[{""field"":""completion_announcement_date"",""original_value"":""February 12, 2024"",""unit_or_role"":""calendar date"",""locator"":""L9, L20""},{""field"":""acquired_organization"",""original_value"":""ImmunoGen is now part of AbbVie"",""unit_or_role"":""ownership status"",""locator"":""L20""},{""field"":""portfolio_assets"",""original_value"":""ELAHERE; follow-on pipeline of ADCs"",""unit_or_role"":""asset scope"",""locator"":""L15–16, L25""}]","[{""claim_location_id"":""ZH-L0574"",""language"":""ZH"",""line"":574,""section"":""附錄 A　全球公司與合作地圖"",""subsection"":""比較表 F13｜全球公司地圖：依競爭角色選列""},{""claim_location_id"":""ZH-L0584"",""language"":""ZH"",""line"":584,""section"":""附錄 A　全球公司與合作地圖"",""subsection"":""比較表 F13｜全球公司地圖：依競爭角色選列""},{""claim_location_id"":""EN-L0574"",""language"":""EN"",""line"":574,""section"":""Appendix A  Global Company and Collaboration Map"",""subsection"":""Table F13｜Global Company Map: Selected by Competitive Role""},{""claim_location_id"":""EN-L0584"",""language"":""EN"",""line"":584,""section"":""Appendix A  Global Company and Collaboration Map"",""subsection"":""Table F13｜Global Company Map: Selected by Competitive Role""}]",supported,Assessment of the specified original wording before the corrections in this supplement.,null,Original assigned contribution retained within the stated read level and boundary.,[],"[{""path"":""evidence/D10.txt"",""bytes"":2186,""sha256"":""d4da7a5aafff7842871f3d859e463a22400b7ab2b16c122f4730443a6a870faa"",""kind"":""bounded_original_excerpt_and_factual_extraction""}]",null,null,null
D12,BioNTech and DualityBio Form Global Strategic Partnership,https://www.biontech.com/int/en/home/mediaroom/news/press-releases/2023/04/biontech-and-dualitybio-form-global-strategic-partnership.html,2023-04-03,2023-04-03,2026-10-07T18:42:41+08:00,Asia/Taipei,public_web_tool_readback_prior_ref,web_extracted_relevant_primary_source_sections,specified original public URL returned the necessary text; no access-control block encountered,"[{""section"":""License announcement; retrieved lines 36–51, especially 39–40 and 49–51."",""web_ref"":""turn119view0""}]","{""material_path"":""evidence/D12.txt"",""locator_within_material"":""Minimum verbatim excerpt(s) / 最小原文摘錄; followed by original numeric or structured fields"",""storage_note"":""The actual minimal original quotation is in the supplied hashed UTF-8 evidence file; not copied again into CSV/JSON.""}","[{""field"":""announcement_date"",""original_value"":""April 3, 2023"",""unit_or_role"":""calendar date"",""locator"":""L39""},{""field"":""licensed_assets"",""original_value"":[""DB-1303"",""DB-1311""],""unit_or_role"":""asset identifiers"",""locator"":""L36, L43–45""},{""field"":""excluded_territories"",""original_value"":[""Mainland China"",""Hong Kong SAR"",""Macau SAR""],""unit_or_role"":""territory"",""locator"":""L40, L50""},{""field"":""DB1311_US_option"",""original_value"":""co-development cost and profit/loss sharing; co-promotion option"",""unit_or_role"":""contractual option, not exercise"",""locator"":""L50–51""}]","[{""claim_location_id"":""ZH-L0154"",""language"":""ZH"",""line"":154,""section"":""03　企業如何把平台接成可交付的產品"",""subsection"":""比較表 F09｜全球合作的四個接口""},{""claim_location_id"":""ZH-L0160"",""language"":""ZH"",""line"":160,""section"":""03　企業如何把平台接成可交付的產品"",""subsection"":""比較表 F09｜全球合作的四個接口""},{""claim_location_id"":""ZH-L0576"",""language"":""ZH"",""line"":576,""section"":""附錄 A　全球公司與合作地圖"",""subsection"":""比較表 F13｜全球公司地圖：依競爭角色選列""},{""claim_location_id"":""ZH-L0584"",""language"":""ZH"",""line"":584,""section"":""附錄 A　全球公司與合作地圖"",""subsection"":""比較表 F13｜全球公司地圖：依競爭角色選列""},{""claim_location_id"":""EN-L0154"",""language"":""EN"",""line"":154,""section"":""03  How Companies Turn Platforms into Deliverable Products"",""subsection"":""Table F09｜Four Interfaces in Global Collaboration""},{""claim_location_id"":""EN-L0160"",""language"":""EN"",""line"":160,""section"":""03  How Companies Turn Platforms into Deliverable Products"",""subsection"":""Table F09｜Four Interfaces in Global Collaboration""},{""claim_location_id"":""EN-L0576"",""language"":""EN"",""line"":576,""section"":""Appendix A  Global Company and Collaboration Map"",""subsection"":""Table F13｜Global Company Map: Selected by Competitive Role""},{""claim_location_id"":""EN-L0584"",""language"":""EN"",""line"":584,""section"":""Appendix A  Global Company and Collaboration Map"",""subsection"":""Table F13｜Global Company Map: Selected by Competitive Role""}]",supported,Assessment of the specified original wording before the corrections in this supplement.,null,Original assigned contribution retained within the stated read level and boundary.,[],"[{""path"":""evidence/D12.txt"",""bytes"":2538,""sha256"":""50806558ed8ab8aed70905c1831ebad13754e0f4a9d04f5d264313d511f508c2"",""kind"":""bounded_original_excerpt_and_factual_extraction""}]",null,null,null
D13,DualityBio Announces 2026 Interim Results and Corporate Updates,https://en.dualitybiologics.com/news/615.html,2026-08-28,2026-06-30,2026-10-07T18:42:41+08:00,Asia/Taipei,public_web_tool_readback_prior_ref,web_extracted_relevant_primary_source_sections,specified original public URL returned the necessary text; no access-control block encountered,"[{""section"":""Interim release title/date and partnership section; retrieved lines 30, 36–43, 148–155 and 171–175."",""web_ref"":""turn121view0""}]","{""material_path"":""evidence/D13.txt"",""locator_within_material"":""Minimum verbatim excerpt(s) / 最小原文摘錄; followed by original numeric or structured fields"",""storage_note"":""The actual minimal original quotation is in the supplied hashed UTF-8 evidence file; not copied again into CSV/JSON.""}","[{""field"":""release_date"",""original_value"":""August 28, 2026"",""unit_or_role"":""calendar date"",""locator"":""L30""},{""field"":""reporting_period_end"",""original_value"":""June 30, 2026"",""unit_or_role"":""calendar date"",""locator"":""L43""},{""field"":""exercise_notice_month"",""original_value"":""May 2026"",""unit_or_role"":""calendar month; no day asserted"",""locator"":""L154""},{""field"":""option_asset_aliases"",""original_value"":[""DB-1311"",""BNT324"",""elfe-D""],""unit_or_role"":""asset aliases"",""locator"":""L36–37, L52, L175""},{""field"":""other_partnered_asset_aliases"",""original_value"":[""DB-1303"",""BNT323""],""unit_or_role"":""asset aliases"",""locator"":""L36, L69–74""}]","[{""claim_location_id"":""ZH-L0154"",""language"":""ZH"",""line"":154,""section"":""03　企業如何把平台接成可交付的產品"",""subsection"":""比較表 F09｜全球合作的四個接口""},{""claim_location_id"":""ZH-L0160"",""language"":""ZH"",""line"":160,""section"":""03　企業如何把平台接成可交付的產品"",""subsection"":""比較表 F09｜全球合作的四個接口""},{""claim_location_id"":""ZH-L0168"",""language"":""ZH"",""line"":168,""section"":""03　企業如何把平台接成可交付的產品"",""subsection"":""2026年10月的組合合作，把競爭單位推向完整療程""},{""claim_location_id"":""ZH-L0576"",""language"":""ZH"",""line"":576,""section"":""附錄 A　全球公司與合作地圖"",""subsection"":""比較表 F13｜全球公司地圖：依競爭角色選列""},{""claim_location_id"":""ZH-L0584"",""language"":""ZH"",""line"":584,""section"":""附錄 A　全球公司與合作地圖"",""subsection"":""比較表 F13｜全球公司地圖：依競爭角色選列""},{""claim_location_id"":""EN-L0154"",""language"":""EN"",""line"":154,""section"":""03  How Companies Turn Platforms into Deliverable Products"",""subsection"":""Table F09｜Four Interfaces in Global Collaboration""},{""claim_location_id"":""EN-L0160"",""language"":""EN"",""line"":160,""section"":""03  How Companies Turn Platforms into Deliverable Products"",""subsection"":""Table F09｜Four Interfaces in Global Collaboration""},{""claim_location_id"":""EN-L0168"",""language"":""EN"",""line"":168,""section"":""03  How Companies Turn Platforms into Deliverable Products"",""subsection"":""The October 2026 Combination Collaboration Extends Competition to the Regimen""},{""claim_location_id"":""EN-L0576"",""language"":""EN"",""line"":576,""section"":""Appendix A  Global Company and Collaboration Map"",""subsection"":""Table F13｜Global Company Map: Selected by Competitive Role""},{""claim_location_id"":""EN-L0584"",""language"":""EN"",""line"":584,""section"":""Appendix A  Global Company and Collaboration Map"",""subsection"":""Table F13｜Global Company Map: Selected by Competitive Role""}]",supported,Assessment of the specified original wording before the corrections in this supplement.,null,Original assigned contribution retained within the stated read level and boundary.,[],"[{""path"":""evidence/D13.txt"",""bytes"":2594,""sha256"":""815b6a526390527bd3f419e99ac9b879052c3e8442d4d3a432c081566864f5d3"",""kind"":""bounded_original_excerpt_and_factual_extraction""}]",null,null,null
D14,Gilead and Tubulis Enter Exclusive Option and License Agreement,https://investors.gilead.com/news/news-details/2024/Gilead-and-Tubulis-Enter-Into-Exclusive-Option-and-License-Agreement-to-Develop-ADC-Candidate-for-Select-Solid-Tumor-Target/default.aspx,2024-12-03,2024-12-03,2026-10-07T18:42:41+08:00,Asia/Taipei,public_web_tool_readback_prior_ref,web_extracted_relevant_primary_source_sections,specified original public URL returned the necessary text; no access-control block encountered,"[{""section"":""Single-asset option release; retrieved lines 29, 31–40; monetary terms in line 39."",""web_ref"":""turn122view0""}]","{""material_path"":""evidence/D14.txt"",""locator_within_material"":""Minimum verbatim excerpt(s) / 最小原文摘錄; followed by original numeric or structured fields"",""storage_note"":""The actual minimal original quotation is in the supplied hashed UTF-8 evidence file; not copied again into CSV/JSON.""}","[{""field"":""announcement_date"",""original_value"":""December 3, 2024"",""unit_or_role"":""calendar date"",""locator"":""L29""},{""field"":""upfront"",""original_value"":20,""unit_or_role"":""USD million; agreed, not proved received"",""locator"":""L39""},{""field"":""conditional_option_exercise_fee"",""original_value"":30,""unit_or_role"":""USD million"",""locator"":""L39""},{""field"":""milestones_upper_bound"",""original_value"":415,""unit_or_role"":""USD million; development and commercialization, conditional"",""locator"":""L39""},{""field"":""nominal_fee_plus_milestone_sum"",""original_value"":465,""unit_or_role"":""USD million; calculated 20 + 30 + 415, excluding sales royalties"",""locator"":""derived only from L39""},{""field"":""additional_royalties"",""original_value"":""mid-single to low double-digit tiered royalties"",""unit_or_role"":""separate future sales-based payments; no exact rate invented"",""locator"":""L39""}]","[{""claim_location_id"":""ZH-L0156"",""language"":""ZH"",""line"":156,""section"":""03　企業如何把平台接成可交付的產品"",""subsection"":""比較表 F09｜全球合作的四個接口""},{""claim_location_id"":""ZH-L0160"",""language"":""ZH"",""line"":160,""section"":""03　企業如何把平台接成可交付的產品"",""subsection"":""比較表 F09｜全球合作的四個接口""},{""claim_location_id"":""ZH-L0433"",""language"":""ZH"",""line"":433,""section"":""11　最高總額，沒有告訴你的買單內容"",""subsection"":""比較表 F08｜五種交易，五種不同的承諾""},{""claim_location_id"":""ZH-L0439"",""language"":""ZH"",""line"":439,""section"":""11　最高總額，沒有告訴你的買單內容"",""subsection"":""比較表 F08｜五種交易，五種不同的承諾""},{""claim_location_id"":""ZH-L0634"",""language"":""ZH"",""line"":634,""section"":""附錄 C　公式、來源範圍與更新方法"",""subsection"":""比較表 F15｜可重算數據：公式與單位一起保留""},{""claim_location_id"":""ZH-L0638"",""language"":""ZH"",""line"":638,""section"":""附錄 C　公式、來源範圍與更新方法"",""subsection"":""比較表 F15｜可重算數據：公式與單位一起保留""},{""claim_location_id"":""EN-L0156"",""language"":""EN"",""line"":156,""section"":""03  How Companies Turn Platforms into Deliverable Products"",""subsection"":""Table F09｜Four Interfaces in Global Collaboration""},{""claim_location_id"":""EN-L0160"",""language"":""EN"",""line"":160,""section"":""03  How Companies Turn Platforms into Deliverable Products"",""subsection"":""Table F09｜Four Interfaces in Global Collaboration""},{""claim_location_id"":""EN-L0433"",""language"":""EN"",""line"":433,""section"":""11  What the Headline Deal Value Does Not Tell You"",""subsection"":""Table F08｜Five Transaction Types, Five Different Commitments""},{""claim_location_id"":""EN-L0439"",""language"":""EN"",""line"":439,""section"":""11  What the Headline Deal Value Does Not Tell You"",""subsection"":""Table F08｜Five Transaction Types, Five Different Commitments""},{""claim_location_id"":""EN-L0634"",""language"":""EN"",""line"":634,""section"":""Appendix C  Formulas, Source Scope and Update Method"",""subsection"":""Table F15｜Reproducible Data: Retaining Both Formulas and Units""},{""claim_location_id"":""EN-L0638"",""language"":""EN"",""line"":638,""section"":""Appendix C  Formulas, Source Scope and Update Method"",""subsection"":""Table F15｜Reproducible Data: Retaining Both Formulas and Units""}]",partially_supported,Assessment of the specified original wording before the corrections in this supplement.,No evidence of later option exercise/payment is claimed. The computed 465 figure needs an explicit royalties-excluded scope if described as a maximum.,Exact wording narrowed or clarified; see applied_corrections and changes.json. Earlier proposed/needs language records the before-correction assessment.,"[""ZH-L0433"",""ZH-L0634"",""EN-L0433"",""EN-L0634""]","[{""path"":""evidence/D14.txt"",""bytes"":3049,""sha256"":""3981cd1b14c407586a6fb7d4e311367d7ccbee36feb684162bb7b8715de3f41b"",""kind"":""bounded_original_excerpt_and_factual_extraction""}]",null,null,null
D15,Gilead to Acquire Tubulis,https://www.gilead.com/news/news-details/2026/gilead-to-acquire-tubulis-adding-potentially-best-in-class-antibody-drug-conjugate-and-next-generation-platform-to-further-strengthen-oncology-pipeline,2026-04-07,2026-04-07,2026-10-07T18:42:41+08:00,Asia/Taipei,public_web_tool_readback_prior_ref,web_extracted_relevant_primary_source_sections,specified original public URL returned the necessary text; no access-control block encountered,"[{""section"":""Acquisition agreement announcement; retrieved lines 304–314 and 319. Agreement, planned organizational integration and terms are at 304, 311 and 314."",""web_ref"":""turn120view0""}]","{""material_path"":""evidence/D15.txt"",""locator_within_material"":""Minimum verbatim excerpt(s) / 最小原文摘錄; followed by original numeric or structured fields"",""storage_note"":""The actual minimal original quotation is in the supplied hashed UTF-8 evidence file; not copied again into CSV/JSON.""}","[{""field"":""closing_cash_consideration"",""original_value"":3.15,""unit_or_role"":""USD billion; cash-free/debt-free, customary adjustments, payable at closing"",""locator"":""L314""},{""field"":""conditional_milestone_cap"",""original_value"":1.85,""unit_or_role"":""USD billion"",""locator"":""L314""},{""field"":""expected_closing"",""original_value"":""second quarter of 2026"",""unit_or_role"":""company expectation as of original announcement"",""locator"":""L314""},{""field"":""announcement_call_date_text"",""original_value"":""Tuesday, April 7"",""unit_or_role"":""calendar wording returned in body; year from supplied source metadata/URL, not a newly returned date header"",""locator"":""L319""}]","[{""claim_location_id"":""ZH-L0156"",""language"":""ZH"",""line"":156,""section"":""03　企業如何把平台接成可交付的產品"",""subsection"":""比較表 F09｜全球合作的四個接口""},{""claim_location_id"":""ZH-L0160"",""language"":""ZH"",""line"":160,""section"":""03　企業如何把平台接成可交付的產品"",""subsection"":""比較表 F09｜全球合作的四個接口""},{""claim_location_id"":""ZH-L0434"",""language"":""ZH"",""line"":434,""section"":""11　最高總額，沒有告訴你的買單內容"",""subsection"":""比較表 F08｜五種交易，五種不同的承諾""},{""claim_location_id"":""ZH-L0439"",""language"":""ZH"",""line"":439,""section"":""11　最高總額，沒有告訴你的買單內容"",""subsection"":""比較表 F08｜五種交易，五種不同的承諾""},{""claim_location_id"":""EN-L0156"",""language"":""EN"",""line"":156,""section"":""03  How Companies Turn Platforms into Deliverable Products"",""subsection"":""Table F09｜Four Interfaces in Global Collaboration""},{""claim_location_id"":""EN-L0160"",""language"":""EN"",""line"":160,""section"":""03  How Companies Turn Platforms into Deliverable Products"",""subsection"":""Table F09｜Four Interfaces in Global Collaboration""},{""claim_location_id"":""EN-L0434"",""language"":""EN"",""line"":434,""section"":""11  What the Headline Deal Value Does Not Tell You"",""subsection"":""Table F08｜Five Transaction Types, Five Different Commitments""},{""claim_location_id"":""EN-L0439"",""language"":""EN"",""line"":439,""section"":""11  What the Headline Deal Value Does Not Tell You"",""subsection"":""Table F08｜Five Transaction Types, Five Different Commitments""}]",partially_supported,Assessment of the specified original wording before the corrections in this supplement.,"The returned extraction did not expose a separate publication date header. Source/data date 2026-04-07 is retained verbatim from the supplied attachment, not relabeled as newly confirmed by a header. Completion and net acquired-cash amounts require the already-cited D16/D17 and are not supported by this pre-close announcement alone.",Agreement terms retained. Original publication date retained with explicit unverified-header qualification; closing and accounting stay with D16/D17.,[],"[{""path"":""evidence/D15.txt"",""bytes"":2928,""sha256"":""9e3be0f2c3e317daa208c5f64ecb1ff8c403b3fa6f60c37d50ec63327ebf4165"",""kind"":""bounded_original_excerpt_and_factual_extraction""}]",null,null,null
D18,DualityBio Enters Global Collaboration and License with Genentech for DUPAC,https://en.dualitybiologics.com/news/614.html,2026-08-28,2026-08-28,2026-10-07T18:42:41+08:00,Asia/Taipei,public_web_tool_readback_prior_ref,web_extracted_relevant_primary_source_sections,specified original public URL returned the necessary text; no access-control block encountered,"[{""section"":""DUPAC release; retrieved lines 28–38 and About DUPAC lines 46–48."",""web_ref"":""turn126view0""}]","{""material_path"":""evidence/D18.txt"",""locator_within_material"":""Minimum verbatim excerpt(s) / 最小原文摘錄; followed by original numeric or structured fields"",""storage_note"":""The actual minimal original quotation is in the supplied hashed UTF-8 evidence file; not copied again into CSV/JSON.""}","[{""field"":""announcement_date"",""original_value"":""August 28, 2026"",""unit_or_role"":""calendar date"",""locator"":""L32""},{""field"":""upfront"",""original_value"":45,""unit_or_role"":""USD million; agreed, receipt not verified"",""locator"":""L31, L37""},{""field"":""milestone_threshold"",""original_value"":1,""unit_or_role"":""USD billion; over, not exact upper ceiling"",""locator"":""L31, L37""},{""field"":""handoff"",""original_value"":""after Phase 1a"",""unit_or_role"":""development stage"",""locator"":""L36""},{""field"":""public_evidence_stage"",""original_value"":""preclinical DUP5/DUP9 data"",""unit_or_role"":""company-reported research stage"",""locator"":""L48""}]","[{""claim_location_id"":""ZH-L0221"",""language"":""ZH"",""line"":221,""section"":""05　「新一代」之外，證據走到哪裡？"",""subsection"":""比較表 F04｜新設計的證據成熟度，並不整齊""},{""claim_location_id"":""ZH-L0225"",""language"":""ZH"",""line"":225,""section"":""05　「新一代」之外，證據走到哪裡？"",""subsection"":""比較表 F04｜新設計的證據成熟度，並不整齊""},{""claim_location_id"":""ZH-L0435"",""language"":""ZH"",""line"":435,""section"":""11　最高總額，沒有告訴你的買單內容"",""subsection"":""比較表 F08｜五種交易，五種不同的承諾""},{""claim_location_id"":""ZH-L0439"",""language"":""ZH"",""line"":439,""section"":""11　最高總額，沒有告訴你的買單內容"",""subsection"":""比較表 F08｜五種交易，五種不同的承諾""},{""claim_location_id"":""ZH-L0443"",""language"":""ZH"",""line"":443,""section"":""11　最高總額，沒有告訴你的買單內容"",""subsection"":""比較表 F08｜五種交易，五種不同的承諾""},{""claim_location_id"":""ZH-L0577"",""language"":""ZH"",""line"":577,""section"":""附錄 A　全球公司與合作地圖"",""subsection"":""比較表 F13｜全球公司地圖：依競爭角色選列""},{""claim_location_id"":""ZH-L0584"",""language"":""ZH"",""line"":584,""section"":""附錄 A　全球公司與合作地圖"",""subsection"":""比較表 F13｜全球公司地圖：依競爭角色選列""},{""claim_location_id"":""EN-L0221"",""language"":""EN"",""line"":221,""section"":""05  Beyond “Next Generation”: How Mature Is the Evidence?"",""subsection"":""Table F04｜Evidence Maturity Varies Across New Designs""},{""claim_location_id"":""EN-L0225"",""language"":""EN"",""line"":225,""section"":""05  Beyond “Next Generation”: How Mature Is the Evidence?"",""subsection"":""Table F04｜Evidence Maturity Varies Across New Designs""},{""claim_location_id"":""EN-L0435"",""language"":""EN"",""line"":435,""section"":""11  What the Headline Deal Value Does Not Tell You"",""subsection"":""Table F08｜Five Transaction Types, Five Different Commitments""},{""claim_location_id"":""EN-L0439"",""language"":""EN"",""line"":439,""section"":""11  What the Headline Deal Value Does Not Tell You"",""subsection"":""Table F08｜Five Transaction Types, Five Different Commitments""},{""claim_location_id"":""EN-L0443"",""language"":""EN"",""line"":443,""section"":""11  What the Headline Deal Value Does Not Tell You"",""subsection"":""Table F08｜Five Transaction Types, Five Different Commitments""},{""claim_location_id"":""EN-L0577"",""language"":""EN"",""line"":577,""section"":""Appendix A  Global Company and Collaboration Map"",""subsection"":""Table F13｜Global Company Map: Selected by Competitive Role""},{""claim_location_id"":""EN-L0584"",""language"":""EN"",""line"":584,""section"":""Appendix A  Global Company and Collaboration Map"",""subsection"":""Table F13｜Global Company Map: Selected by Competitive Role""}]",supported,Assessment of the specified original wording before the corrections in this supplement.,null,Original assigned contribution retained within the stated read level and boundary.,[],"[{""path"":""evidence/D18.txt"",""bytes"":2559,""sha256"":""b54158189f634cbc8ad2edaa5502039c851bd188077f1e41776b9d3096049de9"",""kind"":""bounded_original_excerpt_and_factual_extraction""}]",null,null,null
D21,"Lonza Expands HPAPI Capacity in Visp, Supporting Payload-Linker Manufacturing",https://www.lonza.com/news/2026-06-30-07-00,2026-06-30,2026-06-30,2026-10-07T18:42:41+08:00,Asia/Taipei,public_web_tool_readback_prior_ref,web_extracted_relevant_primary_source_sections,specified original public URL returned the necessary text; no access-control block encountered,"[{""section"":""Lonza expansion release; retrieved lines 16–26, especially 24–26."",""web_ref"":""turn125view0""}]","{""material_path"":""evidence/D21.txt"",""locator_within_material"":""Minimum verbatim excerpt(s) / 最小原文摘錄; followed by original numeric or structured fields"",""storage_note"":""The actual minimal original quotation is in the supplied hashed UTF-8 evidence file; not copied again into CSV/JSON.""}","[{""field"":""release_date"",""original_value"":""30 Jun 2026"",""unit_or_role"":""calendar date"",""locator"":""L16""},{""field"":""expected_operational_year"",""original_value"":2028,""unit_or_role"":""calendar year; future company expectation"",""locator"":""L26""},{""field"":""role"",""original_value"":""payload-linker production/purification, analytical/process development; connected antibody/conjugation/drug-product network"",""unit_or_role"":""company capability/investment description"",""locator"":""L24–25""}]","[{""claim_location_id"":""ZH-L0407"",""language"":""ZH"",""line"":407,""section"":""10　製造競爭：合格批次之外，還有承諾彈性"",""subsection"":""比較表 F07｜ADC 製造的價值，在四個交接點""},{""claim_location_id"":""ZH-L0415"",""language"":""ZH"",""line"":415,""section"":""10　製造競爭：合格批次之外，還有承諾彈性"",""subsection"":""第一三共的教訓，是供應計畫也要隨證據更新""},{""claim_location_id"":""ZH-L0579"",""language"":""ZH"",""line"":579,""section"":""附錄 A　全球公司與合作地圖"",""subsection"":""比較表 F13｜全球公司地圖：依競爭角色選列""},{""claim_location_id"":""ZH-L0584"",""language"":""ZH"",""line"":584,""section"":""附錄 A　全球公司與合作地圖"",""subsection"":""比較表 F13｜全球公司地圖：依競爭角色選列""},{""claim_location_id"":""EN-L0407"",""language"":""EN"",""line"":407,""section"":""10  Manufacturing: Qualified Batches and Flexible Commitments"",""subsection"":""Table F07｜Four Handoffs Define Value in ADC Manufacturing""},{""claim_location_id"":""EN-L0415"",""language"":""EN"",""line"":415,""section"":""10  Manufacturing: Qualified Batches and Flexible Commitments"",""subsection"":""Daiichi Sankyo’s lesson: supply plans also need to evolve with the evidence""},{""claim_location_id"":""EN-L0579"",""language"":""EN"",""line"":579,""section"":""Appendix A  Global Company and Collaboration Map"",""subsection"":""Table F13｜Global Company Map: Selected by Competitive Role""},{""claim_location_id"":""EN-L0584"",""language"":""EN"",""line"":584,""section"":""Appendix A  Global Company and Collaboration Map"",""subsection"":""Table F13｜Global Company Map: Selected by Competitive Role""}]",supported,Assessment of the specified original wording before the corrections in this supplement.,null,Original assigned contribution retained within the stated read level and boundary.,[],"[{""path"":""evidence/D21.txt"",""bytes"":2315,""sha256"":""0d98d4e2811a9ff40340c455d380392aaf45d122147157f36e2640f43272bf08"",""kind"":""bounded_original_excerpt_and_factual_extraction""}]",null,null,null
D22,Lonza Strengthens Advanced Synthesis Capabilities,https://www.lonza.com/media-advisories/2026-02-19-09-00,2026-02-19,2026-02-19,2026-10-07T18:42:41+08:00,Asia/Taipei,public_web_tool_readback_prior_ref,web_extracted_relevant_primary_source_sections,specified original public URL returned the necessary text; no access-control block encountered,"[{""section"":""Lonza Advanced Synthesis advisory; retrieved lines 16–27, especially 19, 22–27."",""web_ref"":""turn127view0""}]","{""material_path"":""evidence/D22.txt"",""locator_within_material"":""Minimum verbatim excerpt(s) / 最小原文摘錄; followed by original numeric or structured fields"",""storage_note"":""The actual minimal original quotation is in the supplied hashed UTF-8 evidence file; not copied again into CSV/JSON.""}","[{""field"":""release_date"",""original_value"":""19 Feb 2026"",""unit_or_role"":""calendar date"",""locator"":""L16""},{""field"":""Synaffix_acquisition_year"",""original_value"":2023,""unit_or_role"":""calendar year, as cited in this release"",""locator"":""L23""},{""field"":""integrated_technologies"",""original_value"":[""GlycoConnect"",""HydraSpace"",""toxSYN""],""unit_or_role"":""named technology components"",""locator"":""L22""},{""field"":""service_handoffs"",""original_value"":[""small-scale prototyping"",""pilot toxicology material"",""process development"",""analytical development""],""unit_or_role"":""company-described services"",""locator"":""L27""}]","[{""claim_location_id"":""ZH-L0157"",""language"":""ZH"",""line"":157,""section"":""03　企業如何把平台接成可交付的產品"",""subsection"":""比較表 F09｜全球合作的四個接口""},{""claim_location_id"":""ZH-L0160"",""language"":""ZH"",""line"":160,""section"":""03　企業如何把平台接成可交付的產品"",""subsection"":""比較表 F09｜全球合作的四個接口""},{""claim_location_id"":""ZH-L0407"",""language"":""ZH"",""line"":407,""section"":""10　製造競爭：合格批次之外，還有承諾彈性"",""subsection"":""比較表 F07｜ADC 製造的價值，在四個交接點""},{""claim_location_id"":""ZH-L0579"",""language"":""ZH"",""line"":579,""section"":""附錄 A　全球公司與合作地圖"",""subsection"":""比較表 F13｜全球公司地圖：依競爭角色選列""},{""claim_location_id"":""ZH-L0584"",""language"":""ZH"",""line"":584,""section"":""附錄 A　全球公司與合作地圖"",""subsection"":""比較表 F13｜全球公司地圖：依競爭角色選列""},{""claim_location_id"":""EN-L0157"",""language"":""EN"",""line"":157,""section"":""03  How Companies Turn Platforms into Deliverable Products"",""subsection"":""Table F09｜Four Interfaces in Global Collaboration""},{""claim_location_id"":""EN-L0160"",""language"":""EN"",""line"":160,""section"":""03  How Companies Turn Platforms into Deliverable Products"",""subsection"":""Table F09｜Four Interfaces in Global Collaboration""},{""claim_location_id"":""EN-L0407"",""language"":""EN"",""line"":407,""section"":""10  Manufacturing: Qualified Batches and Flexible Commitments"",""subsection"":""Table F07｜Four Handoffs Define Value in ADC Manufacturing""},{""claim_location_id"":""EN-L0579"",""language"":""EN"",""line"":579,""section"":""Appendix A  Global Company and Collaboration Map"",""subsection"":""Table F13｜Global Company Map: Selected by Competitive Role""},{""claim_location_id"":""EN-L0584"",""language"":""EN"",""line"":584,""section"":""Appendix A  Global Company and Collaboration Map"",""subsection"":""Table F13｜Global Company Map: Selected by Competitive Role""}]",supported,Assessment of the specified original wording before the corrections in this supplement.,null,Original assigned contribution retained within the stated read level and boundary.,[],"[{""path"":""evidence/D22.txt"",""bytes"":2581,""sha256"":""46ff02ce813bc5244d554e5b089b5f2d9dc3dd29a00f79c0fb1519fe76df4ef0"",""kind"":""bounded_original_excerpt_and_factual_extraction""}]",null,null,null
D23,WuXi XDC Celebrates GMP Release of Singapore Site,https://wuxixdc.com/wuxi-xdc-celebrates-gmp-release-of-singapore-site-ushering-in-a-new-era-of-global-expansion/,2026-09-22,2026-09-21,2026-10-07T18:42:41+08:00,Asia/Taipei,public_web_tool_readback_prior_ref,web_extracted_relevant_primary_source_sections,specified original public URL returned the necessary text; no access-control block encountered,"[{""section"":""WuXi XDC Singapore release; retrieved lines 111–117 and 161–164."",""web_ref"":""turn128view0""}]","{""material_path"":""evidence/D23.txt"",""locator_within_material"":""Minimum verbatim excerpt(s) / 最小原文摘錄; followed by original numeric or structured fields"",""storage_note"":""The actual minimal original quotation is in the supplied hashed UTF-8 evidence file; not copied again into CSV/JSON.""}","[{""field"":""page_publication_date"",""original_value"":""Sep. 22, 2026"",""unit_or_role"":""calendar date"",""locator"":""L111""},{""field"":""ceremony_date"",""original_value"":""September 21, 2026"",""unit_or_role"":""calendar date"",""locator"":""L116""},{""field"":""BCM3_DP4_GMP_release_month"",""original_value"":""August 2026"",""unit_or_role"":""calendar month; company report, no day invented"",""locator"":""L117""},{""field"":""BCM4_expected_GMP_release"",""original_value"":""by the end of 2026"",""unit_or_role"":""company forecast"",""locator"":""L163""}]","[{""claim_location_id"":""ZH-L0157"",""language"":""ZH"",""line"":157,""section"":""03　企業如何把平台接成可交付的產品"",""subsection"":""比較表 F09｜全球合作的四個接口""},{""claim_location_id"":""ZH-L0160"",""language"":""ZH"",""line"":160,""section"":""03　企業如何把平台接成可交付的產品"",""subsection"":""比較表 F09｜全球合作的四個接口""},{""claim_location_id"":""ZH-L0415"",""language"":""ZH"",""line"":415,""section"":""10　製造競爭：合格批次之外，還有承諾彈性"",""subsection"":""第一三共的教訓，是供應計畫也要隨證據更新""},{""claim_location_id"":""ZH-L0580"",""language"":""ZH"",""line"":580,""section"":""附錄 A　全球公司與合作地圖"",""subsection"":""比較表 F13｜全球公司地圖：依競爭角色選列""},{""claim_location_id"":""ZH-L0584"",""language"":""ZH"",""line"":584,""section"":""附錄 A　全球公司與合作地圖"",""subsection"":""比較表 F13｜全球公司地圖：依競爭角色選列""},{""claim_location_id"":""EN-L0157"",""language"":""EN"",""line"":157,""section"":""03  How Companies Turn Platforms into Deliverable Products"",""subsection"":""Table F09｜Four Interfaces in Global Collaboration""},{""claim_location_id"":""EN-L0160"",""language"":""EN"",""line"":160,""section"":""03  How Companies Turn Platforms into Deliverable Products"",""subsection"":""Table F09｜Four Interfaces in Global Collaboration""},{""claim_location_id"":""EN-L0415"",""language"":""EN"",""line"":415,""section"":""10  Manufacturing: Qualified Batches and Flexible Commitments"",""subsection"":""Daiichi Sankyo’s lesson: supply plans also need to evolve with the evidence""},{""claim_location_id"":""EN-L0580"",""language"":""EN"",""line"":580,""section"":""Appendix A  Global Company and Collaboration Map"",""subsection"":""Table F13｜Global Company Map: Selected by Competitive Role""},{""claim_location_id"":""EN-L0584"",""language"":""EN"",""line"":584,""section"":""Appendix A  Global Company and Collaboration Map"",""subsection"":""Table F13｜Global Company Map: Selected by Competitive Role""}]",supported,Assessment of the specified original wording before the corrections in this supplement.,null,Original assigned contribution retained within the stated read level and boundary.,[],"[{""path"":""evidence/D23.txt"",""bytes"":2340,""sha256"":""f993f13e6171830bbf99228ee3e26a8899a43e23ca1449fcd7ef3531f22c645a"",""kind"":""bounded_original_excerpt_and_factual_extraction""}]",null,null,null
D24,AstraZeneca breaks ground on Singapore ADC facility,https://www.astrazeneca.com/country-sites/singapore/press-releases/astrazeneca-to-hire-over-800-employees-to-produce-cancer-medicines-at-adc-manufacturing-facility-in-singapore.html,2024-11-07,2024-11-07,2026-10-07T18:42:41+08:00,Asia/Taipei,public_web_tool_readback_prior_ref,web_extracted_relevant_primary_source_sections,specified original public URL returned the necessary text; no access-control block encountered,"[{""section"":""AstraZeneca Singapore construction release; retrieved lines 182–200, especially 195 and 200."",""web_ref"":""turn132view0""}]","{""material_path"":""evidence/D24.txt"",""locator_within_material"":""Minimum verbatim excerpt(s) / 最小原文摘錄; followed by original numeric or structured fields"",""storage_note"":""The actual minimal original quotation is in the supplied hashed UTF-8 evidence file; not copied again into CSV/JSON.""}","[{""field"":""release_date"",""original_value"":""7 November 2024"",""unit_or_role"":""calendar date"",""locator"":""L182""},{""field"":""planned_investment"",""original_value"":1.5,""unit_or_role"":""USD billion"",""locator"":""L195""},{""field"":""target_operational_year"",""original_value"":2029,""unit_or_role"":""calendar year; target, not achieved operation"",""locator"":""L184, L195""},{""field"":""manufacturing_stages"",""original_value"":[""antibody production"",""chemotherapy drug and linker synthesis"",""conjugation"",""vial filling""],""unit_or_role"":""planned facility scope"",""locator"":""L200""}]","[{""claim_location_id"":""ZH-L0415"",""language"":""ZH"",""line"":415,""section"":""10　製造競爭：合格批次之外，還有承諾彈性"",""subsection"":""第一三共的教訓，是供應計畫也要隨證據更新""},{""claim_location_id"":""ZH-L0570"",""language"":""ZH"",""line"":570,""section"":""附錄 A　全球公司與合作地圖"",""subsection"":""比較表 F13｜全球公司地圖：依競爭角色選列""},{""claim_location_id"":""ZH-L0584"",""language"":""ZH"",""line"":584,""section"":""附錄 A　全球公司與合作地圖"",""subsection"":""比較表 F13｜全球公司地圖：依競爭角色選列""},{""claim_location_id"":""EN-L0415"",""language"":""EN"",""line"":415,""section"":""10  Manufacturing: Qualified Batches and Flexible Commitments"",""subsection"":""Daiichi Sankyo’s lesson: supply plans also need to evolve with the evidence""},{""claim_location_id"":""EN-L0570"",""language"":""EN"",""line"":570,""section"":""Appendix A  Global Company and Collaboration Map"",""subsection"":""Table F13｜Global Company Map: Selected by Competitive Role""},{""claim_location_id"":""EN-L0584"",""language"":""EN"",""line"":584,""section"":""Appendix A  Global Company and Collaboration Map"",""subsection"":""Table F13｜Global Company Map: Selected by Competitive Role""}]",supported,Assessment of the specified original wording before the corrections in this supplement.,null,Original assigned contribution retained within the stated read level and boundary.,[],"[{""path"":""evidence/D24.txt"",""bytes"":2625,""sha256"":""96cae73930e89fb8ba06472253562148a3c55d915b142993a98321e15b312aa0"",""kind"":""bounded_original_excerpt_and_factual_extraction""}]",null,null,null
D26,"BioNTech Q2 2026 financial results, SEC exhibit",https://www.sec.gov/Archives/edgar/data/1776985/000177698526000054/a991bntx_q22026pressreleas.htm,2026-08-04,2026-06-30,2026-10-07T18:42:41+08:00,Asia/Taipei,public_web_tool_readback_prior_ref,web_extracted_relevant_primary_source_sections,specified original public URL returned the necessary text; no access-control block encountered,"[{""section"":""SEC exhibit company earnings release; retrieved lines 24 and ADC section 264–279."",""web_ref"":""turn130view0""}]","{""material_path"":""evidence/D26.txt"",""locator_within_material"":""Minimum verbatim excerpt(s) / 最小原文摘錄; followed by original numeric or structured fields"",""storage_note"":""The actual minimal original quotation is in the supplied hashed UTF-8 evidence file; not copied again into CSV/JSON.""}","[{""field"":""release_date"",""original_value"":""August 4, 2026"",""unit_or_role"":""calendar date"",""locator"":""L24""},{""field"":""reporting_period_end"",""original_value"":""June 30, 2026"",""unit_or_role"":""calendar date"",""locator"":""L24""},{""field"":""DYNASTY_Breast02_primary_analysis_expectation"",""original_value"":""fourth quarter 2026"",""unit_or_role"":""event-accrual-based company expectation"",""locator"":""L276""},{""field"":""BNT323_alias"",""original_value"":""DB-1303 / trastuzumab pamirtecan"",""unit_or_role"":""asset alias"",""locator"":""L265""},{""field"":""BNT324_alias"",""original_value"":""DB-1311 / elfetabart drozuntecan"",""unit_or_role"":""asset alias"",""locator"":""L278""}]","[{""claim_location_id"":""ZH-L0515"",""language"":""ZH"",""line"":515,""section"":""14　未來十二個月，什麼事件會改變判斷？"",""subsection"":""比較表 F11｜未來十二個月：哪些事件值得改判？""},{""claim_location_id"":""ZH-L0521"",""language"":""ZH"",""line"":521,""section"":""14　未來十二個月，什麼事件會改變判斷？"",""subsection"":""比較表 F11｜未來十二個月：哪些事件值得改判？""},{""claim_location_id"":""ZH-L0576"",""language"":""ZH"",""line"":576,""section"":""附錄 A　全球公司與合作地圖"",""subsection"":""比較表 F13｜全球公司地圖：依競爭角色選列""},{""claim_location_id"":""ZH-L0584"",""language"":""ZH"",""line"":584,""section"":""附錄 A　全球公司與合作地圖"",""subsection"":""比較表 F13｜全球公司地圖：依競爭角色選列""},{""claim_location_id"":""EN-L0515"",""language"":""EN"",""line"":515,""section"":""14  Which Events Could Change the Assessment over Twelve Months?"",""subsection"":""Table F11｜The Next Twelve Months: Which Events Could Change the Assessment?""},{""claim_location_id"":""EN-L0521"",""language"":""EN"",""line"":521,""section"":""14  Which Events Could Change the Assessment over Twelve Months?"",""subsection"":""Table F11｜The Next Twelve Months: Which Events Could Change the Assessment?""},{""claim_location_id"":""EN-L0576"",""language"":""EN"",""line"":576,""section"":""Appendix A  Global Company and Collaboration Map"",""subsection"":""Table F13｜Global Company Map: Selected by Competitive Role""},{""claim_location_id"":""EN-L0584"",""language"":""EN"",""line"":584,""section"":""Appendix A  Global Company and Collaboration Map"",""subsection"":""Table F13｜Global Company Map: Selected by Competitive Role""}]",supported,Assessment of the specified original wording before the corrections in this supplement.,null,Original assigned contribution retained within the stated read level and boundary.,[],"[{""path"":""evidence/D26.txt"",""bytes"":2619,""sha256"":""27b0db7d70af32bb7ce641581a48812a64cbb249963c3cf4bf25b0f38691a3ce"",""kind"":""bounded_original_excerpt_and_factual_extraction""}]",null,null,null
D27,Astellas: PADCEV plus Keytruda CHMP positive opinion for resectable MIBC,https://newsroom.astellas.com/2026-09-18-padcev-in-combination-with-keytruda-receives-positive-chmp-opinion-for-the-treatment-of-adults-with-resectable-mibc,2026-09-18,2026-09-18,2026-10-07T18:42:41+08:00,Asia/Taipei,public_web_tool_readback_prior_ref,web_extracted_relevant_primary_source_sections,specified original public URL returned the necessary text; no access-control block encountered,"[{""section"":""Astellas announcement; retrieved lines 265–276, 281–282 and 291–292."",""web_ref"":""turn129view0""}]","{""material_path"":""evidence/D27.txt"",""locator_within_material"":""Minimum verbatim excerpt(s) / 最小原文摘錄; followed by original numeric or structured fields"",""storage_note"":""The actual minimal original quotation is in the supplied hashed UTF-8 evidence file; not copied again into CSV/JSON.""}","[{""field"":""release_date"",""original_value"":""September 18, 2026"",""unit_or_role"":""calendar date"",""locator"":""L265""},{""field"":""EU_regulatory_status"",""original_value"":""positive CHMP opinion; final EC decision expected"",""unit_or_role"":""regulatory stage as reported by company"",""locator"":""L266, L276""},{""field"":""regimen"",""original_value"":""neoadjuvant EV + pembrolizumab, continued after radical cystectomy as adjuvant treatment"",""unit_or_role"":""treatment sequence"",""locator"":""L266""},{""field"":""US_MIBC_scope"",""original_value"":""regardless of cisplatin eligibility"",""unit_or_role"":""company-described label scope, not substitute for C08"",""locator"":""L281""}]","[{""claim_location_id"":""ZH-L0573"",""language"":""ZH"",""line"":573,""section"":""附錄 A　全球公司與合作地圖"",""subsection"":""比較表 F13｜全球公司地圖：依競爭角色選列""},{""claim_location_id"":""ZH-L0584"",""language"":""ZH"",""line"":584,""section"":""附錄 A　全球公司與合作地圖"",""subsection"":""比較表 F13｜全球公司地圖：依競爭角色選列""},{""claim_location_id"":""EN-L0573"",""language"":""EN"",""line"":573,""section"":""Appendix A  Global Company and Collaboration Map"",""subsection"":""Table F13｜Global Company Map: Selected by Competitive Role""},{""claim_location_id"":""EN-L0584"",""language"":""EN"",""line"":584,""section"":""Appendix A  Global Company and Collaboration Map"",""subsection"":""Table F13｜Global Company Map: Selected by Competitive Role""}]",supported,Assessment of the specified original wording before the corrections in this supplement.,null,Original assigned contribution retained within the stated read level and boundary.,[],"[{""path"":""evidence/D27.txt"",""bytes"":2727,""sha256"":""bb4c46aaa33960cb1acb3d6662d20aa9f3495e5935384b4bf8d72dda36c6f134"",""kind"":""bounded_original_excerpt_and_factual_extraction""}]",null,null,null
T01,OBI Pharma — Pipeline,https://www.obipharma.com/what-we-do/pipeline-overview/,,,2026-10-07T10:46:10.944263+00:00,Etc/UTC,live_public_web_tool,targeted_public_HTML_passages,specified public URL returned readable content; no access barrier encountered,"[{""section"":""OBI-992"",""position"":""web lines 116–138; mechanism at line 133; study status at line 137""},{""section"":""OBI-902"",""position"":""web lines 145–169; mechanism at lines 163–164; study status at line 168""}]","{""material_path"":""evidence/T01.txt"",""locator_within_material"":""Minimum verbatim excerpt(s) / 最小原文摘錄; followed by original numeric or structured fields"",""storage_note"":""The actual minimal original quotation is in the supplied hashed UTF-8 evidence file; not copied again into CSV/JSON.""}",[],"[{""claim_location_id"":""ZH-L0453"",""language"":""ZH"",""line"":453,""section"":""12　台灣創新：不同技術位置，需要不同證據"",""subsection"":""浩鼎與醣聯：都談「醣」，改動的位置不同""},{""claim_location_id"":""ZH-L0601"",""language"":""ZH"",""line"":601,""section"":""附錄 B　台灣能力與證據地圖"",""subsection"":""比較表 F14｜台灣能力地圖：七個主體，三種需求""},{""claim_location_id"":""ZH-L0610"",""language"":""ZH"",""line"":610,""section"":""附錄 B　台灣能力與證據地圖"",""subsection"":""比較表 F14｜台灣能力地圖：七個主體，三種需求""},{""claim_location_id"":""EN-L0453"",""language"":""EN"",""line"":453,""section"":""12  Taiwan’s Innovation: Different Technical Roles Need Different Evidence"",""subsection"":""OBI Pharma and GlycoNex: Both Work with Glycans, at Different Points in the ADC""},{""claim_location_id"":""EN-L0601"",""language"":""EN"",""line"":601,""section"":""Appendix B  Taiwan Capabilities and Evidence Map"",""subsection"":""Table F14｜Taiwan's Capability Map: Seven Entities, Three Types of Need""},{""claim_location_id"":""EN-L0610"",""language"":""EN"",""line"":610,""section"":""Appendix B  Taiwan Capabilities and Evidence Map"",""subsection"":""Table F14｜Taiwan's Capability Map: Seven Entities, Three Types of Need""}]",supported,Assessment of the specified original wording before the corrections in this supplement.,原頁未標發布或更新日；這是本輪公開頁讀取，不是具日期的歷史快照。公司工程優勢不當成人體優效。,Original assigned contribution retained within the stated read level and boundary.,[],"[{""path"":""evidence/T01.txt"",""bytes"":1551,""sha256"":""5b6e93a4bebcc787d9bed9482f6936236074b4c77c7a1b14d1effafdf779f034"",""kind"":""authored_minimum_excerpt_and_numeric_support_record""}]",null,null,null
T02,ClinicalTrials.gov — NCT06480240 / OBI-992,https://clinicaltrials.gov/study/NCT06480240,2024-06-28,2025-08-08,2026-10-07T10:46:10.944263+00:00,Etc/UTC,live_public_registry_api,targeted_official_registry_API_fields,"HTTP 200, official API JSON read","[{""section"":""Official ClinicalTrials.gov API"",""position"":""$.protocolSection.identificationModule.nctId; $.protocolSection.statusModule.overallStatus; $.protocolSection.designModule.phases; $.protocolSection.designModule.enrollmentInfo""},{""section"":""Dates/results"",""position"":""$.protocolSection.statusModule.studyFirstPostDateStruct; lastUpdatePostDateStruct; primaryCompletionDateStruct; $.hasResults""}]","{""material_path"":""evidence/T02.txt"",""locator_within_material"":""Minimum verbatim excerpt(s) / 最小原文摘錄; followed by original numeric or structured fields"",""storage_note"":""The actual minimal original quotation is in the supplied hashed UTF-8 evidence file; not copied again into CSV/JSON.""}","[{""field"":""nct_id"",""value"":""NCT06480240"",""unit"":""identifier"",""locator"":""$.protocolSection.identificationModule.nctId""},{""field"":""phase"",""value"":[""PHASE1"",""PHASE2""],""unit"":""phase"",""locator"":""$.protocolSection.designModule.phases""},{""field"":""enrollment"",""value"":117,""unit"":""persons"",""locator"":""$.protocolSection.designModule.enrollmentInfo"",""basis"":""ESTIMATED""},{""field"":""primary_completion"",""value"":""2027-06"",""unit"":""date"",""locator"":""$.protocolSection.statusModule.primaryCompletionDateStruct"",""basis"":""ESTIMATED""},{""field"":""hasResults"",""value"":false,""unit"":""boolean"",""locator"":""$.hasResults""},{""field"":""study_first_posted"",""value"":""2024-06-28"",""unit"":""date"",""locator"":""$.protocolSection.statusModule.studyFirstPostDateStruct""},{""field"":""last_update_posted"",""value"":""2025-08-08"",""unit"":""date"",""locator"":""$.protocolSection.statusModule.lastUpdatePostDateStruct""}]","[{""claim_location_id"":""ZH-L0453"",""language"":""ZH"",""line"":453,""section"":""12　台灣創新：不同技術位置，需要不同證據"",""subsection"":""浩鼎與醣聯：都談「醣」，改動的位置不同""},{""claim_location_id"":""ZH-L0518"",""language"":""ZH"",""line"":518,""section"":""14　未來十二個月，什麼事件會改變判斷？"",""subsection"":""比較表 F11｜未來十二個月：哪些事件值得改判？""},{""claim_location_id"":""ZH-L0521"",""language"":""ZH"",""line"":521,""section"":""14　未來十二個月，什麼事件會改變判斷？"",""subsection"":""比較表 F11｜未來十二個月：哪些事件值得改判？""},{""claim_location_id"":""EN-L0453"",""language"":""EN"",""line"":453,""section"":""12  Taiwan’s Innovation: Different Technical Roles Need Different Evidence"",""subsection"":""OBI Pharma and GlycoNex: Both Work with Glycans, at Different Points in the ADC""},{""claim_location_id"":""EN-L0518"",""language"":""EN"",""line"":518,""section"":""14  Which Events Could Change the Assessment over Twelve Months?"",""subsection"":""Table F11｜The Next Twelve Months: Which Events Could Change the Assessment?""},{""claim_location_id"":""EN-L0521"",""language"":""EN"",""line"":521,""section"":""14  Which Events Could Change the Assessment over Twelve Months?"",""subsection"":""Table F11｜The Next Twelve Months: Which Events Could Change the Assessment?""}]",supported,Assessment of the specified original wording before the corrections in this supplement.,此登錄不支持偶聯技術比較或人體療效結論；它僅支持OBI-992的登錄狀態與条件監看。,Original assigned contribution retained within the stated read level and boundary.,[],"[{""path"":""evidence/T02.txt"",""bytes"":2401,""sha256"":""d015dae8ba3ee2fca7206f1adc66dc16e2289fbab632a41f565f76f959b4dca1"",""kind"":""authored_minimum_excerpt_and_numeric_support_record""},{""path"":""evidence/T02.api.json"",""bytes"":16026,""sha256"":""d2232fdb45048b0be3158963f5c7a2f9193ab8cb834908c2f07054c589bcbf7e"",""kind"":""original_live_official_registry_API_response_bytes""}]",d2232fdb45048b0be3158963f5c7a2f9193ab8cb834908c2f07054c589bcbf7e,null,null
T03,ClinicalTrials.gov — NCT07124117 / OBI-902,https://clinicaltrials.gov/study/NCT07124117,2025-08-15,2026-01-05,2026-10-07T10:46:10.944263+00:00,Etc/UTC,live_public_registry_api,targeted_official_registry_API_fields,"HTTP 200, official API JSON read","[{""section"":""Official ClinicalTrials.gov API"",""position"":""$.protocolSection.identificationModule.nctId; $.protocolSection.statusModule.overallStatus; $.protocolSection.designModule.phases; $.protocolSection.designModule.enrollmentInfo""},{""section"":""Dates/results"",""position"":""$.protocolSection.statusModule.studyFirstPostDateStruct; lastUpdatePostDateStruct; startDateStruct; primaryCompletionDateStruct; $.hasResults""}]","{""material_path"":""evidence/T03.txt"",""locator_within_material"":""Minimum verbatim excerpt(s) / 最小原文摘錄; followed by original numeric or structured fields"",""storage_note"":""The actual minimal original quotation is in the supplied hashed UTF-8 evidence file; not copied again into CSV/JSON.""}","[{""field"":""nct_id"",""value"":""NCT07124117"",""unit"":""identifier"",""locator"":""$.protocolSection.identificationModule.nctId""},{""field"":""phase"",""value"":[""PHASE1"",""PHASE2""],""unit"":""phase"",""locator"":""$.protocolSection.designModule.phases""},{""field"":""enrollment"",""value"":147,""unit"":""persons"",""locator"":""$.protocolSection.designModule.enrollmentInfo"",""basis"":""ESTIMATED""},{""field"":""study_start"",""value"":""2025-08-04"",""unit"":""date"",""locator"":""$.protocolSection.statusModule.startDateStruct"",""basis"":""ACTUAL""},{""field"":""primary_completion"",""value"":""2029-02-08"",""unit"":""date"",""locator"":""$.protocolSection.statusModule.primaryCompletionDateStruct"",""basis"":""ESTIMATED""},{""field"":""hasResults"",""value"":false,""unit"":""boolean"",""locator"":""$.hasResults""},{""field"":""study_first_posted"",""value"":""2025-08-15"",""unit"":""date"",""locator"":""$.protocolSection.statusModule.studyFirstPostDateStruct""},{""field"":""last_update_posted"",""value"":""2026-01-05"",""unit"":""date"",""locator"":""$.protocolSection.statusModule.lastUpdatePostDateStruct""}]","[{""claim_location_id"":""ZH-L0453"",""language"":""ZH"",""line"":453,""section"":""12　台灣創新：不同技術位置，需要不同證據"",""subsection"":""浩鼎與醣聯：都談「醣」，改動的位置不同""},{""claim_location_id"":""ZH-L0518"",""language"":""ZH"",""line"":518,""section"":""14　未來十二個月，什麼事件會改變判斷？"",""subsection"":""比較表 F11｜未來十二個月：哪些事件值得改判？""},{""claim_location_id"":""ZH-L0521"",""language"":""ZH"",""line"":521,""section"":""14　未來十二個月，什麼事件會改變判斷？"",""subsection"":""比較表 F11｜未來十二個月：哪些事件值得改判？""},{""claim_location_id"":""ZH-L0601"",""language"":""ZH"",""line"":601,""section"":""附錄 B　台灣能力與證據地圖"",""subsection"":""比較表 F14｜台灣能力地圖：七個主體，三種需求""},{""claim_location_id"":""ZH-L0610"",""language"":""ZH"",""line"":610,""section"":""附錄 B　台灣能力與證據地圖"",""subsection"":""比較表 F14｜台灣能力地圖：七個主體，三種需求""},{""claim_location_id"":""EN-L0453"",""language"":""EN"",""line"":453,""section"":""12  Taiwan’s Innovation: Different Technical Roles Need Different Evidence"",""subsection"":""OBI Pharma and GlycoNex: Both Work with Glycans, at Different Points in the ADC""},{""claim_location_id"":""EN-L0518"",""language"":""EN"",""line"":518,""section"":""14  Which Events Could Change the Assessment over Twelve Months?"",""subsection"":""Table F11｜The Next Twelve Months: Which Events Could Change the Assessment?""},{""claim_location_id"":""EN-L0521"",""language"":""EN"",""line"":521,""section"":""14  Which Events Could Change the Assessment over Twelve Months?"",""subsection"":""Table F11｜The Next Twelve Months: Which Events Could Change the Assessment?""},{""claim_location_id"":""EN-L0601"",""language"":""EN"",""line"":601,""section"":""Appendix B  Taiwan Capabilities and Evidence Map"",""subsection"":""Table F14｜Taiwan's Capability Map: Seven Entities, Three Types of Need""},{""claim_location_id"":""EN-L0610"",""language"":""EN"",""line"":610,""section"":""Appendix B  Taiwan Capabilities and Evidence Map"",""subsection"":""Table F14｜Taiwan's Capability Map: Seven Entities, Three Types of Need""}]",supported,Assessment of the specified original wording before the corrections in this supplement.,此登錄不單獨支持GlycOBI工程差異；T01支持技術設計。沒有把尚未公布的PK、劑量或活性寫成已證實。,Original assigned contribution retained within the stated read level and boundary.,[],"[{""path"":""evidence/T03.txt"",""bytes"":2580,""sha256"":""e79dc1523202e58131b727f00d6ccd5766f358f577e4305014a231d252cecfa0"",""kind"":""authored_minimum_excerpt_and_numeric_support_record""},{""path"":""evidence/T03.api.json"",""bytes"":16023,""sha256"":""b2a5d632906a37123b46e5ed37f556afae76edd1e02eb6dbe0c58a3b073a5bb3"",""kind"":""original_live_official_registry_API_response_bytes""}]",b2a5d632906a37123b46e5ed37f556afae76edd1e02eb6dbe0c58a3b073a5bb3,null,null
T04,OBI Pharma and TegMine Therapeutics Sign Exclusive Global License Agreement for Glycan-Targeting ADC,https://www.accessnewswire.com/newsroom/en/healthcare-and-pharmaceutical/obi-pharma-and-tegmine-therapeutics-sign-exclusive-global-license-agr-1126261,2026-01-12,2026-01-12,2026-10-07T10:46:10.944263+00:00,Etc/UTC,live_public_web_tool,targeted_public_HTML_passages,specified public URL returned readable content; no access barrier encountered,"[{""section"":""Publication date / issuer"",""position"":""web lines 12, 19, 56""},{""section"":""Agreement terms / licensed candidate"",""position"":""web lines 20–22; services-to-license transition at line 24""}]","{""material_path"":""evidence/T04.txt"",""locator_within_material"":""Minimum verbatim excerpt(s) / 最小原文摘錄; followed by original numeric or structured fields"",""storage_note"":""The actual minimal original quotation is in the supplied hashed UTF-8 evidence file; not copied again into CSV/JSON.""}","[{""field"":""public_release_date"",""value"":""2026-01-12"",""unit"":""date"",""locator"":""web lines 12 and 19""},{""field"":""upfront_amount"",""value"":null,""unit"":""not disclosed"",""locator"":""web line 20""},{""field"":""milestone_amount"",""value"":null,""unit"":""not disclosed"",""locator"":""web line 20""},{""field"":""cash_received"",""value"":null,""unit"":""not confirmed by release"",""locator"":""web line 20""}]","[{""claim_location_id"":""ZH-L0455"",""language"":""ZH"",""line"":455,""section"":""12　台灣創新：不同技術位置，需要不同證據"",""subsection"":""浩鼎與醣聯：都談「醣」，改動的位置不同""},{""claim_location_id"":""ZH-L0601"",""language"":""ZH"",""line"":601,""section"":""附錄 B　台灣能力與證據地圖"",""subsection"":""比較表 F14｜台灣能力地圖：七個主體，三種需求""},{""claim_location_id"":""ZH-L0610"",""language"":""ZH"",""line"":610,""section"":""附錄 B　台灣能力與證據地圖"",""subsection"":""比較表 F14｜台灣能力地圖：七個主體，三種需求""},{""claim_location_id"":""EN-L0455"",""language"":""EN"",""line"":455,""section"":""12  Taiwan’s Innovation: Different Technical Roles Need Different Evidence"",""subsection"":""OBI Pharma and GlycoNex: Both Work with Glycans, at Different Points in the ADC""},{""claim_location_id"":""EN-L0601"",""language"":""EN"",""line"":601,""section"":""Appendix B  Taiwan Capabilities and Evidence Map"",""subsection"":""Table F14｜Taiwan's Capability Map: Seven Entities, Three Types of Need""},{""claim_location_id"":""EN-L0610"",""language"":""EN"",""line"":610,""section"":""Appendix B  Taiwan Capabilities and Evidence Map"",""subsection"":""Table F14｜Taiwan's Capability Map: Seven Entities, Three Types of Need""}]",partially_supported,Assessment of the specified original wording before the corrections in this supplement.,這份ACCESS發稿沒有寫2025年12月初始公告或兩次公告屬同一交易；舊研究摘要的該說法沒有存下真原文。本輪依指示未探讀OBI受保護旧公告，故日期／同一交易對應尚未驗。,Exact wording narrowed or clarified; see applied_corrections and changes.json. Earlier proposed/needs language records the before-correction assessment.,"[""ZH-L0455"",""EN-L0455""]","[{""path"":""evidence/T04.txt"",""bytes"":2180,""sha256"":""0d5a7806d012b194f58aaf334e18c6926423fd8d320414e06b080fba004cff4a"",""kind"":""authored_minimum_excerpt_and_numeric_support_record""}]",null,null,null
T05,GlycoNex Doses First Patient in Phase 1 Trial of GNX1021,https://glyconex.com.tw/news/2026/2026-08-03-gnx1021-first-patient-dosed,2026-08-03,2026-08-03,2026-10-07T10:46:10.944263+00:00,Etc/UTC,live_public_web_tool,targeted_public_HTML_passages,specified public URL returned readable content; no access barrier encountered,"[{""section"":""Dateline / first patient"",""position"":""web lines 14–18""},{""section"":""Target / trial"",""position"":""web lines 20–23""}]","{""material_path"":""evidence/T05.txt"",""locator_within_material"":""Minimum verbatim excerpt(s) / 最小原文摘錄; followed by original numeric or structured fields"",""storage_note"":""The actual minimal original quotation is in the supplied hashed UTF-8 evidence file; not copied again into CSV/JSON.""}","[{""field"":""announcement_date"",""value"":""2026-08-03"",""unit"":""date"",""locator"":""web lines 14 and 18""},{""field"":""trial_phase"",""value"":1,""unit"":""phase"",""locator"":""web lines 18 and 22""},{""field"":""first_patient_dosed_country"",""value"":""Japan"",""unit"":""geography"",""locator"":""web lines 17–18""}]","[{""claim_location_id"":""ZH-L0457"",""language"":""ZH"",""line"":457,""section"":""12　台灣創新：不同技術位置，需要不同證據"",""subsection"":""浩鼎與醣聯：都談「醣」，改動的位置不同""},{""claim_location_id"":""ZH-L0518"",""language"":""ZH"",""line"":518,""section"":""14　未來十二個月，什麼事件會改變判斷？"",""subsection"":""比較表 F11｜未來十二個月：哪些事件值得改判？""},{""claim_location_id"":""ZH-L0521"",""language"":""ZH"",""line"":521,""section"":""14　未來十二個月，什麼事件會改變判斷？"",""subsection"":""比較表 F11｜未來十二個月：哪些事件值得改判？""},{""claim_location_id"":""ZH-L0602"",""language"":""ZH"",""line"":602,""section"":""附錄 B　台灣能力與證據地圖"",""subsection"":""比較表 F14｜台灣能力地圖：七個主體，三種需求""},{""claim_location_id"":""ZH-L0610"",""language"":""ZH"",""line"":610,""section"":""附錄 B　台灣能力與證據地圖"",""subsection"":""比較表 F14｜台灣能力地圖：七個主體，三種需求""},{""claim_location_id"":""EN-L0457"",""language"":""EN"",""line"":457,""section"":""12  Taiwan’s Innovation: Different Technical Roles Need Different Evidence"",""subsection"":""OBI Pharma and GlycoNex: Both Work with Glycans, at Different Points in the ADC""},{""claim_location_id"":""EN-L0518"",""language"":""EN"",""line"":518,""section"":""14  Which Events Could Change the Assessment over Twelve Months?"",""subsection"":""Table F11｜The Next Twelve Months: Which Events Could Change the Assessment?""},{""claim_location_id"":""EN-L0521"",""language"":""EN"",""line"":521,""section"":""14  Which Events Could Change the Assessment over Twelve Months?"",""subsection"":""Table F11｜The Next Twelve Months: Which Events Could Change the Assessment?""},{""claim_location_id"":""EN-L0602"",""language"":""EN"",""line"":602,""section"":""Appendix B  Taiwan Capabilities and Evidence Map"",""subsection"":""Table F14｜Taiwan's Capability Map: Seven Entities, Three Types of Need""},{""claim_location_id"":""EN-L0610"",""language"":""EN"",""line"":610,""section"":""Appendix B  Taiwan Capabilities and Evidence Map"",""subsection"":""Table F14｜Taiwan's Capability Map: Seven Entities, Three Types of Need""}]",partially_supported,Assessment of the specified original wording before the corrections in this supplement.,本公告未提GNX102或其裸抗體身份，不能以這份來源直接證明該舊分子的種類；GNX1021一期節點與bLeB/Y標的不受此缺口影響。未另核監管或登錄。,Exact wording narrowed or clarified; see applied_corrections and changes.json. Earlier proposed/needs language records the before-correction assessment.,"[""ZH-L0457"",""ZH-L0602"",""EN-L0457"",""EN-L0602""]","[{""path"":""evidence/T05.txt"",""bytes"":1824,""sha256"":""4baf5ff415b8c074ea8ccb3f3df09f96c89afa2c74c72e838227fea8d34149a2"",""kind"":""authored_minimum_excerpt_and_numeric_support_record""}]",null,null,null
T06,"Formosa Pharmaceuticals Files Clinical Trial Application for TSY-110, an Antibody-Drug Conjugate Biosimilar Targeting HER2-Positive Breast Cancers",https://www.formosapharma.com/formosa-pharmaceuticals-files-clinical-trial-application-for-tsy-110-an-antibody-drug-conjugate-biosimilar-targeting-her2-positive-breast-cancers/,2026-08-28,2026-08-28,2026-10-07T10:46:10.944263+00:00,Etc/UTC,live_public_web_tool,targeted_public_HTML_passages,specified public URL returned readable content; no access barrier encountered,"[{""section"":""Dateline / CTA / trial scope"",""position"":""web lines 90–91""},{""section"":""About TSY-110"",""position"":""web lines 94–96; EirGenix profile lines 104–106""}]","{""material_path"":""evidence/T06.txt"",""locator_within_material"":""Minimum verbatim excerpt(s) / 最小原文摘錄; followed by original numeric or structured fields"",""storage_note"":""The actual minimal original quotation is in the supplied hashed UTF-8 evidence file; not copied again into CSV/JSON.""}","[{""field"":""announcement_date"",""value"":""2026-08-28"",""unit"":""date"",""locator"":""web line 90""},{""field"":""candidate_alias"",""value"":""EG12043"",""unit"":""identifier"",""locator"":""web line 95""},{""field"":""reference_product"",""value"":""Kadcyla / ado-trastuzumab emtansine"",""unit"":""product identity"",""locator"":""web line 90""}]","[{""claim_location_id"":""ZH-L0465"",""language"":""ZH"",""line"":465,""section"":""12　台灣創新：不同技術位置，需要不同證據"",""subsection"":""台新藥／台康：相似性是另一種產品價值""},{""claim_location_id"":""ZH-L0518"",""language"":""ZH"",""line"":518,""section"":""14　未來十二個月，什麼事件會改變判斷？"",""subsection"":""比較表 F11｜未來十二個月：哪些事件值得改判？""},{""claim_location_id"":""ZH-L0521"",""language"":""ZH"",""line"":521,""section"":""14　未來十二個月，什麼事件會改變判斷？"",""subsection"":""比較表 F11｜未來十二個月：哪些事件值得改判？""},{""claim_location_id"":""ZH-L0603"",""language"":""ZH"",""line"":603,""section"":""附錄 B　台灣能力與證據地圖"",""subsection"":""比較表 F14｜台灣能力地圖：七個主體，三種需求""},{""claim_location_id"":""ZH-L0604"",""language"":""ZH"",""line"":604,""section"":""附錄 B　台灣能力與證據地圖"",""subsection"":""比較表 F14｜台灣能力地圖：七個主體，三種需求""},{""claim_location_id"":""ZH-L0610"",""language"":""ZH"",""line"":610,""section"":""附錄 B　台灣能力與證據地圖"",""subsection"":""比較表 F14｜台灣能力地圖：七個主體，三種需求""},{""claim_location_id"":""EN-L0465"",""language"":""EN"",""line"":465,""section"":""12  Taiwan’s Innovation: Different Technical Roles Need Different Evidence"",""subsection"":""Formosa Pharmaceuticals / EirGenix: Similarity Offers a Different Kind of Product Value""},{""claim_location_id"":""EN-L0518"",""language"":""EN"",""line"":518,""section"":""14  Which Events Could Change the Assessment over Twelve Months?"",""subsection"":""Table F11｜The Next Twelve Months: Which Events Could Change the Assessment?""},{""claim_location_id"":""EN-L0521"",""language"":""EN"",""line"":521,""section"":""14  Which Events Could Change the Assessment over Twelve Months?"",""subsection"":""Table F11｜The Next Twelve Months: Which Events Could Change the Assessment?""},{""claim_location_id"":""EN-L0603"",""language"":""EN"",""line"":603,""section"":""Appendix B  Taiwan Capabilities and Evidence Map"",""subsection"":""Table F14｜Taiwan's Capability Map: Seven Entities, Three Types of Need""},{""claim_location_id"":""EN-L0604"",""language"":""EN"",""line"":604,""section"":""Appendix B  Taiwan Capabilities and Evidence Map"",""subsection"":""Table F14｜Taiwan's Capability Map: Seven Entities, Three Types of Need""},{""claim_location_id"":""EN-L0610"",""language"":""EN"",""line"":610,""section"":""Appendix B  Taiwan Capabilities and Evidence Map"",""subsection"":""Table F14｜Taiwan's Capability Map: Seven Entities, Three Types of Need""}]",supported,Assessment of the specified original wording before the corrections in this supplement.,支持CTA遞交與公司描述的臨床前相似性，不支持CTA已獲准、已給藥或相似藥已核准。未以頁面市场數字扩充本次範圍。,Original assigned contribution retained within the stated read level and boundary.,[],"[{""path"":""evidence/T06.txt"",""bytes"":2055,""sha256"":""77f67fc8dbd5904497de84894c06051af832abcc0522b55e2c0d63d659c14542"",""kind"":""authored_minimum_excerpt_and_numeric_support_record""}]",null,null,null
T07,Formosa Pharmaceuticals Announces Presentation of TSY-310 at the 2026 ASCO Annual Meeting,https://www.formosapharma.com/formosa-pharmaceuticals-announces-presentation-of-tsy-310-at-the-2026-asco-annual-meeting/,2026-05-22,2026-05-22,2026-10-07T10:46:10.944263+00:00,Etc/UTC,live_public_web_tool,targeted_public_HTML_passages,specified public URL returned readable content; no access barrier encountered,"[{""section"":""Dated announcement"",""position"":""web line 88""},{""section"":""ASCO details / preclinical design"",""position"":""web lines 94–105; programme description line 112""}]","{""material_path"":""evidence/T07.txt"",""locator_within_material"":""Minimum verbatim excerpt(s) / 最小原文摘錄; followed by original numeric or structured fields"",""storage_note"":""The actual minimal original quotation is in the supplied hashed UTF-8 evidence file; not copied again into CSV/JSON.""}","[{""field"":""announcement_date"",""value"":""2026-05-22"",""unit"":""date"",""locator"":""web line 88""},{""field"":""abstract_number"",""value"":3086,""unit"":""abstract identifier"",""locator"":""web line 97""}]","[{""claim_location_id"":""ZH-L0465"",""language"":""ZH"",""line"":465,""section"":""12　台灣創新：不同技術位置，需要不同證據"",""subsection"":""台新藥／台康：相似性是另一種產品價值""},{""claim_location_id"":""ZH-L0603"",""language"":""ZH"",""line"":603,""section"":""附錄 B　台灣能力與證據地圖"",""subsection"":""比較表 F14｜台灣能力地圖：七個主體，三種需求""},{""claim_location_id"":""ZH-L0610"",""language"":""ZH"",""line"":610,""section"":""附錄 B　台灣能力與證據地圖"",""subsection"":""比較表 F14｜台灣能力地圖：七個主體，三種需求""},{""claim_location_id"":""EN-L0465"",""language"":""EN"",""line"":465,""section"":""12  Taiwan’s Innovation: Different Technical Roles Need Different Evidence"",""subsection"":""Formosa Pharmaceuticals / EirGenix: Similarity Offers a Different Kind of Product Value""},{""claim_location_id"":""EN-L0603"",""language"":""EN"",""line"":603,""section"":""Appendix B  Taiwan Capabilities and Evidence Map"",""subsection"":""Table F14｜Taiwan's Capability Map: Seven Entities, Three Types of Need""},{""claim_location_id"":""EN-L0610"",""language"":""EN"",""line"":610,""section"":""Appendix B  Taiwan Capabilities and Evidence Map"",""subsection"":""Table F14｜Taiwan's Capability Map: Seven Entities, Three Types of Need""}]",partially_supported,Assessment of the specified original wording before the corrections in this supplement.,該舊公告支持已呈現資料屬臨床前，但未獨立證明截至2026-10-07仍未進入人體；建議把持續階段敘述限定為公告的資料層級。,Exact wording narrowed or clarified; see applied_corrections and changes.json. Earlier proposed/needs language records the before-correction assessment.,"[""ZH-L0465"",""ZH-L0603"",""EN-L0465"",""EN-L0603""]","[{""path"":""evidence/T07.txt"",""bytes"":1708,""sha256"":""d9e33f30283bba10c7fa4dec0f35d14d8fb7d41f718e37ef03e3a347490e8aa9"",""kind"":""authored_minimum_excerpt_and_numeric_support_record""}]",null,null,null
T09,EirGenix — ADC & Bioconjugates,https://www.eirgenix.com/antibody-drug-conjugate,,,2026-10-07T10:46:10.944263+00:00,Etc/UTC,live_public_web_tool,targeted_public_HTML_passages,specified public URL returned readable content; no access barrier encountered,"[{""section"":""ADC & Bioconjugates / partner"",""position"":""web lines 87–95""},{""section"":""Monoclonal Antibody Development and Production / High Potency Chemicals / Linkers"",""position"":""web lines 109–125""}]","{""material_path"":""evidence/T09.txt"",""locator_within_material"":""Minimum verbatim excerpt(s) / 最小原文摘錄; followed by original numeric or structured fields"",""storage_note"":""The actual minimal original quotation is in the supplied hashed UTF-8 evidence file; not copied again into CSV/JSON.""}",[],"[{""claim_location_id"":""ZH-L0407"",""language"":""ZH"",""line"":407,""section"":""10　製造競爭：合格批次之外，還有承諾彈性"",""subsection"":""比較表 F07｜ADC 製造的價值，在四個交接點""},{""claim_location_id"":""ZH-L0473"",""language"":""ZH"",""line"":473,""section"":""13　台灣交付：可用能力如何接成供應"",""subsection"":""""},{""claim_location_id"":""ZH-L0484"",""language"":""ZH"",""line"":484,""section"":""13　台灣交付：可用能力如何接成供應"",""subsection"":""比較表 F10｜台灣製造能力，應如何讓買方核驗？""},{""claim_location_id"":""ZH-L0490"",""language"":""ZH"",""line"":490,""section"":""13　台灣交付：可用能力如何接成供應"",""subsection"":""比較表 F10｜台灣製造能力，應如何讓買方核驗？""},{""claim_location_id"":""ZH-L0492"",""language"":""ZH"",""line"":492,""section"":""13　台灣交付：可用能力如何接成供應"",""subsection"":""比較表 F10｜台灣製造能力，應如何讓買方核驗？""},{""claim_location_id"":""ZH-L0604"",""language"":""ZH"",""line"":604,""section"":""附錄 B　台灣能力與證據地圖"",""subsection"":""比較表 F14｜台灣能力地圖：七個主體，三種需求""},{""claim_location_id"":""ZH-L0610"",""language"":""ZH"",""line"":610,""section"":""附錄 B　台灣能力與證據地圖"",""subsection"":""比較表 F14｜台灣能力地圖：七個主體，三種需求""},{""claim_location_id"":""EN-L0407"",""language"":""EN"",""line"":407,""section"":""10  Manufacturing: Qualified Batches and Flexible Commitments"",""subsection"":""Table F07｜Four Handoffs Define Value in ADC Manufacturing""},{""claim_location_id"":""EN-L0473"",""language"":""EN"",""line"":473,""section"":""13  Delivery in Taiwan: Connecting Capabilities into Supply"",""subsection"":""""},{""claim_location_id"":""EN-L0484"",""language"":""EN"",""line"":484,""section"":""13  Delivery in Taiwan: Connecting Capabilities into Supply"",""subsection"":""Table F10｜Taiwan's Manufacturing Capabilities: What Can a Buyer Verify?""},{""claim_location_id"":""EN-L0490"",""language"":""EN"",""line"":490,""section"":""13  Delivery in Taiwan: Connecting Capabilities into Supply"",""subsection"":""Table F10｜Taiwan's Manufacturing Capabilities: What Can a Buyer Verify?""},{""claim_location_id"":""EN-L0492"",""language"":""EN"",""line"":492,""section"":""13  Delivery in Taiwan: Connecting Capabilities into Supply"",""subsection"":""Table F10｜Taiwan's Manufacturing Capabilities: What Can a Buyer Verify?""},{""claim_location_id"":""EN-L0604"",""language"":""EN"",""line"":604,""section"":""Appendix B  Taiwan Capabilities and Evidence Map"",""subsection"":""Table F14｜Taiwan's Capability Map: Seven Entities, Three Types of Need""},{""claim_location_id"":""EN-L0610"",""language"":""EN"",""line"":610,""section"":""Appendix B  Taiwan Capabilities and Evidence Map"",""subsection"":""Table F14｜Taiwan's Capability Map: Seven Entities, Three Types of Need""}]",supported,Assessment of the specified original wording before the corrections in this supplement.,頁面未標資料日；不能由服務頁推定特定ADC商業訂單、客戶批次已放行或收入。未採過時的ADC核准總數或其他槽體尺度。,Original assigned contribution retained within the stated read level and boundary.,[],"[{""path"":""evidence/T09.txt"",""bytes"":1547,""sha256"":""f3e2b0bd5ff82cc7369ea2c4594ac9cdd64255ab970c958092b6722916efc26d"",""kind"":""authored_minimum_excerpt_and_numeric_support_record""}]",null,null,null
T10,台耀化學 — 抗體藥物複合體,https://www.formosalab.com/tw/bioconjugation-adc,,,2026-10-07T10:46:10.944263+00:00,Etc/UTC,live_public_web_tool,targeted_public_HTML_passages,specified public URL returned readable content; no access barrier encountered,"[{""section"":""一站式方案"",""position"":""web lines 296–305""},{""section"":""經驗和專業"",""position"":""web line 320 (company claim only)""}]","{""material_path"":""evidence/T10.txt"",""locator_within_material"":""Minimum verbatim excerpt(s) / 最小原文摘錄; followed by original numeric or structured fields"",""storage_note"":""The actual minimal original quotation is in the supplied hashed UTF-8 evidence file; not copied again into CSV/JSON.""}",[],"[{""claim_location_id"":""ZH-L0407"",""language"":""ZH"",""line"":407,""section"":""10　製造競爭：合格批次之外，還有承諾彈性"",""subsection"":""比較表 F07｜ADC 製造的價值，在四個交接點""},{""claim_location_id"":""ZH-L0473"",""language"":""ZH"",""line"":473,""section"":""13　台灣交付：可用能力如何接成供應"",""subsection"":""""},{""claim_location_id"":""ZH-L0484"",""language"":""ZH"",""line"":484,""section"":""13　台灣交付：可用能力如何接成供應"",""subsection"":""比較表 F10｜台灣製造能力，應如何讓買方核驗？""},{""claim_location_id"":""ZH-L0490"",""language"":""ZH"",""line"":490,""section"":""13　台灣交付：可用能力如何接成供應"",""subsection"":""比較表 F10｜台灣製造能力，應如何讓買方核驗？""},{""claim_location_id"":""ZH-L0492"",""language"":""ZH"",""line"":492,""section"":""13　台灣交付：可用能力如何接成供應"",""subsection"":""比較表 F10｜台灣製造能力，應如何讓買方核驗？""},{""claim_location_id"":""ZH-L0605"",""language"":""ZH"",""line"":605,""section"":""附錄 B　台灣能力與證據地圖"",""subsection"":""比較表 F14｜台灣能力地圖：七個主體，三種需求""},{""claim_location_id"":""ZH-L0610"",""language"":""ZH"",""line"":610,""section"":""附錄 B　台灣能力與證據地圖"",""subsection"":""比較表 F14｜台灣能力地圖：七個主體，三種需求""},{""claim_location_id"":""EN-L0407"",""language"":""EN"",""line"":407,""section"":""10  Manufacturing: Qualified Batches and Flexible Commitments"",""subsection"":""Table F07｜Four Handoffs Define Value in ADC Manufacturing""},{""claim_location_id"":""EN-L0473"",""language"":""EN"",""line"":473,""section"":""13  Delivery in Taiwan: Connecting Capabilities into Supply"",""subsection"":""""},{""claim_location_id"":""EN-L0484"",""language"":""EN"",""line"":484,""section"":""13  Delivery in Taiwan: Connecting Capabilities into Supply"",""subsection"":""Table F10｜Taiwan's Manufacturing Capabilities: What Can a Buyer Verify?""},{""claim_location_id"":""EN-L0490"",""language"":""EN"",""line"":490,""section"":""13  Delivery in Taiwan: Connecting Capabilities into Supply"",""subsection"":""Table F10｜Taiwan's Manufacturing Capabilities: What Can a Buyer Verify?""},{""claim_location_id"":""EN-L0492"",""language"":""EN"",""line"":492,""section"":""13  Delivery in Taiwan: Connecting Capabilities into Supply"",""subsection"":""Table F10｜Taiwan's Manufacturing Capabilities: What Can a Buyer Verify?""},{""claim_location_id"":""EN-L0605"",""language"":""EN"",""line"":605,""section"":""Appendix B  Taiwan Capabilities and Evidence Map"",""subsection"":""Table F14｜Taiwan's Capability Map: Seven Entities, Three Types of Need""},{""claim_location_id"":""EN-L0610"",""language"":""EN"",""line"":610,""section"":""Appendix B  Taiwan Capabilities and Evidence Map"",""subsection"":""Table F14｜Taiwan's Capability Map: Seven Entities, Three Types of Need""}]",supported,Assessment of the specified original wording before the corrections in this supplement.,未標資料日；能力／供藥經驗為公司說法。15件專案與50Kg願景未作當期訂單或產能採用，也不以本頁證實產品別放行。,Original assigned contribution retained within the stated read level and boundary.,[],"[{""path"":""evidence/T10.txt"",""bytes"":1456,""sha256"":""c8aed6eac16a16403927a58067cf775ae3ae476d95d5a5af85614f290ba9af24"",""kind"":""authored_minimum_excerpt_and_numeric_support_record""}]",null,null,null
T11,台耀化學 — 抗體藥物複合體廠房,https://www.formosalab.com/tw/adc,,,2026-10-07T10:46:10.944263+00:00,Etc/UTC,live_public_web_tool,targeted_public_HTML_passages,specified public URL returned readable content; no access barrier encountered,"[{""section"":""ADC 實驗室"",""position"":""web lines 301–308""},{""section"":""ADC 生產製造"",""position"":""web lines 312–319; listed manufacturing equipment""}]","{""material_path"":""evidence/T11.txt"",""locator_within_material"":""Minimum verbatim excerpt(s) / 最小原文摘錄; followed by original numeric or structured fields"",""storage_note"":""The actual minimal original quotation is in the supplied hashed UTF-8 evidence file; not copied again into CSV/JSON.""}","[{""field"":""bioconjugation_reactor_volume_min"",""value"":30,""unit"":""L"",""locator"":""web line 317"",""basis"":""company-listed nominal reactor volume""},{""field"":""bioconjugation_reactor_volume_max"",""value"":200,""unit"":""L"",""locator"":""web line 317"",""basis"":""company-listed nominal reactor volume""}]","[{""claim_location_id"":""ZH-L0407"",""language"":""ZH"",""line"":407,""section"":""10　製造競爭：合格批次之外，還有承諾彈性"",""subsection"":""比較表 F07｜ADC 製造的價值，在四個交接點""},{""claim_location_id"":""ZH-L0485"",""language"":""ZH"",""line"":485,""section"":""13　台灣交付：可用能力如何接成供應"",""subsection"":""比較表 F10｜台灣製造能力，應如何讓買方核驗？""},{""claim_location_id"":""ZH-L0490"",""language"":""ZH"",""line"":490,""section"":""13　台灣交付：可用能力如何接成供應"",""subsection"":""比較表 F10｜台灣製造能力，應如何讓買方核驗？""},{""claim_location_id"":""ZH-L0492"",""language"":""ZH"",""line"":492,""section"":""13　台灣交付：可用能力如何接成供應"",""subsection"":""比較表 F10｜台灣製造能力，應如何讓買方核驗？""},{""claim_location_id"":""ZH-L0494"",""language"":""ZH"",""line"":494,""section"":""13　台灣交付：可用能力如何接成供應"",""subsection"":""比較表 F10｜台灣製造能力，應如何讓買方核驗？""},{""claim_location_id"":""ZH-L0605"",""language"":""ZH"",""line"":605,""section"":""附錄 B　台灣能力與證據地圖"",""subsection"":""比較表 F14｜台灣能力地圖：七個主體，三種需求""},{""claim_location_id"":""ZH-L0610"",""language"":""ZH"",""line"":610,""section"":""附錄 B　台灣能力與證據地圖"",""subsection"":""比較表 F14｜台灣能力地圖：七個主體，三種需求""},{""claim_location_id"":""EN-L0407"",""language"":""EN"",""line"":407,""section"":""10  Manufacturing: Qualified Batches and Flexible Commitments"",""subsection"":""Table F07｜Four Handoffs Define Value in ADC Manufacturing""},{""claim_location_id"":""EN-L0485"",""language"":""EN"",""line"":485,""section"":""13  Delivery in Taiwan: Connecting Capabilities into Supply"",""subsection"":""Table F10｜Taiwan's Manufacturing Capabilities: What Can a Buyer Verify?""},{""claim_location_id"":""EN-L0490"",""language"":""EN"",""line"":490,""section"":""13  Delivery in Taiwan: Connecting Capabilities into Supply"",""subsection"":""Table F10｜Taiwan's Manufacturing Capabilities: What Can a Buyer Verify?""},{""claim_location_id"":""EN-L0492"",""language"":""EN"",""line"":492,""section"":""13  Delivery in Taiwan: Connecting Capabilities into Supply"",""subsection"":""Table F10｜Taiwan's Manufacturing Capabilities: What Can a Buyer Verify?""},{""claim_location_id"":""EN-L0494"",""language"":""EN"",""line"":494,""section"":""13  Delivery in Taiwan: Connecting Capabilities into Supply"",""subsection"":""Table F10｜Taiwan's Manufacturing Capabilities: What Can a Buyer Verify?""},{""claim_location_id"":""EN-L0605"",""language"":""EN"",""line"":605,""section"":""Appendix B  Taiwan Capabilities and Evidence Map"",""subsection"":""Table F14｜Taiwan's Capability Map: Seven Entities, Three Types of Need""},{""claim_location_id"":""EN-L0610"",""language"":""EN"",""line"":610,""section"":""Appendix B  Taiwan Capabilities and Evidence Map"",""subsection"":""Table F14｜Taiwan's Capability Map: Seven Entities, Three Types of Need""}]",supported,Assessment of the specified original wording before the corrections in this supplement.,原頁未標更新日；容積不是每批合格ADC公斤數、年產量、稼動率、商業銷量或營收。,Original assigned contribution retained within the stated read level and boundary.,[],"[{""path"":""evidence/T11.txt"",""bytes"":1633,""sha256"":""a95514ecde411cb49886f7dc1559c85ad7ebd50b0336c71c831d2db06ea9467a"",""kind"":""authored_minimum_excerpt_and_numeric_support_record""}]",null,null,null
T12,Mycenax and RIN Sign License Agreement to Advance ADC Development Using RIN’s Proprietary Linker Technology,https://www.mycenax.com/news-detail.php?id=122&lang=en,2025-10-31,2025-10-31,2026-10-07T10:46:10.944263+00:00,Etc/UTC,live_public_web_tool,targeted_public_HTML_passages,specified public URL returned readable content; no access barrier encountered,"[{""section"":""Release date / agreement"",""position"":""web lines 118, 124, 128""},{""section"":""About RIN / About Mycenax"",""position"":""web lines 139–149; anti-TMEM180 study at line 141, KriSan/Spera at line 149""}]","{""material_path"":""evidence/T12.txt"",""locator_within_material"":""Minimum verbatim excerpt(s) / 最小原文摘錄; followed by original numeric or structured fields"",""storage_note"":""The actual minimal original quotation is in the supplied hashed UTF-8 evidence file; not copied again into CSV/JSON.""}","[{""field"":""license_announcement_date"",""value"":""2025-10-31"",""unit"":""date"",""locator"":""web lines 118 and 124""}]","[{""claim_location_id"":""ZH-L0473"",""language"":""ZH"",""line"":473,""section"":""13　台灣交付：可用能力如何接成供應"",""subsection"":""""},{""claim_location_id"":""ZH-L0486"",""language"":""ZH"",""line"":486,""section"":""13　台灣交付：可用能力如何接成供應"",""subsection"":""比較表 F10｜台灣製造能力，應如何讓買方核驗？""},{""claim_location_id"":""ZH-L0490"",""language"":""ZH"",""line"":490,""section"":""13　台灣交付：可用能力如何接成供應"",""subsection"":""比較表 F10｜台灣製造能力，應如何讓買方核驗？""},{""claim_location_id"":""ZH-L0492"",""language"":""ZH"",""line"":492,""section"":""13　台灣交付：可用能力如何接成供應"",""subsection"":""比較表 F10｜台灣製造能力，應如何讓買方核驗？""},{""claim_location_id"":""ZH-L0606"",""language"":""ZH"",""line"":606,""section"":""附錄 B　台灣能力與證據地圖"",""subsection"":""比較表 F14｜台灣能力地圖：七個主體，三種需求""},{""claim_location_id"":""ZH-L0610"",""language"":""ZH"",""line"":610,""section"":""附錄 B　台灣能力與證據地圖"",""subsection"":""比較表 F14｜台灣能力地圖：七個主體，三種需求""},{""claim_location_id"":""EN-L0473"",""language"":""EN"",""line"":473,""section"":""13  Delivery in Taiwan: Connecting Capabilities into Supply"",""subsection"":""""},{""claim_location_id"":""EN-L0486"",""language"":""EN"",""line"":486,""section"":""13  Delivery in Taiwan: Connecting Capabilities into Supply"",""subsection"":""Table F10｜Taiwan's Manufacturing Capabilities: What Can a Buyer Verify?""},{""claim_location_id"":""EN-L0490"",""language"":""EN"",""line"":490,""section"":""13  Delivery in Taiwan: Connecting Capabilities into Supply"",""subsection"":""Table F10｜Taiwan's Manufacturing Capabilities: What Can a Buyer Verify?""},{""claim_location_id"":""EN-L0492"",""language"":""EN"",""line"":492,""section"":""13  Delivery in Taiwan: Connecting Capabilities into Supply"",""subsection"":""Table F10｜Taiwan's Manufacturing Capabilities: What Can a Buyer Verify?""},{""claim_location_id"":""EN-L0606"",""language"":""EN"",""line"":606,""section"":""Appendix B  Taiwan Capabilities and Evidence Map"",""subsection"":""Table F14｜Taiwan's Capability Map: Seven Entities, Three Types of Need""},{""claim_location_id"":""EN-L0610"",""language"":""EN"",""line"":610,""section"":""Appendix B  Taiwan Capabilities and Evidence Map"",""subsection"":""Table F14｜Taiwan's Capability Map: Seven Entities, Three Types of Need""}]",supported,Assessment of the specified original wording before the corrections in this supplement.,不是全部產品／全部用途的全球專屬權利；公告未提供具名ADC商業批次或訂單收入，抗體一期不移植為ADC一期。,Original assigned contribution retained within the stated read level and boundary.,[],"[{""path"":""evidence/T12.txt"",""bytes"":1645,""sha256"":""56593e73e3d872bbf1d838719d753ff4c6c621a2577e3d8715b678709b1f7366"",""kind"":""authored_minimum_excerpt_and_numeric_support_record""}]",null,null,null
T13,Mycenax — Antibody-Drug Conjugate,https://www.mycenax.com/cdmo.php?id=56,,,2026-10-07T10:46:10.944263+00:00,Etc/UTC,live_public_web_tool,targeted_public_HTML_passages,specified public URL returned readable content; no access barrier encountered,"[{""section"":""ConjuMX Toolbox"",""position"":""web lines 134–136""},{""section"":""VLK Linker / Strategic ADC Partners"",""position"":""web lines 147–149, 158–164; page repeats these at 197–216""}]","{""material_path"":""evidence/T13.txt"",""locator_within_material"":""Minimum verbatim excerpt(s) / 最小原文摘錄; followed by original numeric or structured fields"",""storage_note"":""The actual minimal original quotation is in the supplied hashed UTF-8 evidence file; not copied again into CSV/JSON.""}","[{""field"":""company_reported_GMP_production_scale"",""value"":50,""unit"":""L"",""locator"":""web line 136"",""basis"":""company capability statement, not independently audited commercial capacity""}]","[{""claim_location_id"":""ZH-L0473"",""language"":""ZH"",""line"":473,""section"":""13　台灣交付：可用能力如何接成供應"",""subsection"":""""},{""claim_location_id"":""ZH-L0486"",""language"":""ZH"",""line"":486,""section"":""13　台灣交付：可用能力如何接成供應"",""subsection"":""比較表 F10｜台灣製造能力，應如何讓買方核驗？""},{""claim_location_id"":""ZH-L0490"",""language"":""ZH"",""line"":490,""section"":""13　台灣交付：可用能力如何接成供應"",""subsection"":""比較表 F10｜台灣製造能力，應如何讓買方核驗？""},{""claim_location_id"":""ZH-L0492"",""language"":""ZH"",""line"":492,""section"":""13　台灣交付：可用能力如何接成供應"",""subsection"":""比較表 F10｜台灣製造能力，應如何讓買方核驗？""},{""claim_location_id"":""ZH-L0494"",""language"":""ZH"",""line"":494,""section"":""13　台灣交付：可用能力如何接成供應"",""subsection"":""比較表 F10｜台灣製造能力，應如何讓買方核驗？""},{""claim_location_id"":""ZH-L0606"",""language"":""ZH"",""line"":606,""section"":""附錄 B　台灣能力與證據地圖"",""subsection"":""比較表 F14｜台灣能力地圖：七個主體，三種需求""},{""claim_location_id"":""ZH-L0610"",""language"":""ZH"",""line"":610,""section"":""附錄 B　台灣能力與證據地圖"",""subsection"":""比較表 F14｜台灣能力地圖：七個主體，三種需求""},{""claim_location_id"":""EN-L0473"",""language"":""EN"",""line"":473,""section"":""13  Delivery in Taiwan: Connecting Capabilities into Supply"",""subsection"":""""},{""claim_location_id"":""EN-L0486"",""language"":""EN"",""line"":486,""section"":""13  Delivery in Taiwan: Connecting Capabilities into Supply"",""subsection"":""Table F10｜Taiwan's Manufacturing Capabilities: What Can a Buyer Verify?""},{""claim_location_id"":""EN-L0490"",""language"":""EN"",""line"":490,""section"":""13  Delivery in Taiwan: Connecting Capabilities into Supply"",""subsection"":""Table F10｜Taiwan's Manufacturing Capabilities: What Can a Buyer Verify?""},{""claim_location_id"":""EN-L0492"",""language"":""EN"",""line"":492,""section"":""13  Delivery in Taiwan: Connecting Capabilities into Supply"",""subsection"":""Table F10｜Taiwan's Manufacturing Capabilities: What Can a Buyer Verify?""},{""claim_location_id"":""EN-L0494"",""language"":""EN"",""line"":494,""section"":""13  Delivery in Taiwan: Connecting Capabilities into Supply"",""subsection"":""Table F10｜Taiwan's Manufacturing Capabilities: What Can a Buyer Verify?""},{""claim_location_id"":""EN-L0606"",""language"":""EN"",""line"":606,""section"":""Appendix B  Taiwan Capabilities and Evidence Map"",""subsection"":""Table F14｜Taiwan's Capability Map: Seven Entities, Three Types of Need""},{""claim_location_id"":""EN-L0610"",""language"":""EN"",""line"":610,""section"":""Appendix B  Taiwan Capabilities and Evidence Map"",""subsection"":""Table F14｜Taiwan's Capability Map: Seven Entities, Three Types of Need""}]",supported,Assessment of the specified original wording before the corrections in this supplement.,未標資料日；50 L並非產品別放行量、年產量、訂單或營收；未宣稱anti-IF ADC已進入一期。,Original assigned contribution retained within the stated read level and boundary.,[],"[{""path"":""evidence/T13.txt"",""bytes"":1612,""sha256"":""0de6f4d88575780d2d7e99c6e76dc4d3f1d2fe1d9022f52346dab8a7fd941b36"",""kind"":""authored_minimum_excerpt_and_numeric_support_record""}]",null,null,null
T15,臺灣證券交易所 — 台耀化學股份有限公司個股資訊（4746）,https://www.twse.com.tw/pdf/ch/4746_ch.pdf,,2026-10-06,2026-10-07T10:46:10.944263+00:00,Etc/UTC,live_public_web_tool,public_PDF_page_1_text_extraction,specified public URL returned readable content; no access barrier encountered,"[{""section"":""TWSE company profile"",""position"":""PDF page 1 (tool P0), listing date line 35, name line 42, generation date line 43, ticker line 48""}]","{""material_path"":""evidence/T15.txt"",""locator_within_material"":""Minimum verbatim excerpt(s) / 最小原文摘錄; followed by original numeric or structured fields"",""storage_note"":""The actual minimal original quotation is in the supplied hashed UTF-8 evidence file; not copied again into CSV/JSON.""}","[{""field"":""ticker"",""value"":""4746"",""unit"":""security identifier"",""locator"":""PDF page 1 / web line 48""},{""field"":""listing_date"",""value"":""2011-03-01"",""unit"":""date"",""locator"":""PDF page 1 / web line 35""},{""field"":""observed_document_generation_date"",""value"":""2026-10-07"",""unit"":""date"",""locator"":""PDF page 1 / web line 43""}]","[{""claim_location_id"":""ZH-L0605"",""language"":""ZH"",""line"":605,""section"":""附錄 B　台灣能力與證據地圖"",""subsection"":""比較表 F14｜台灣能力地圖：七個主體，三種需求""},{""claim_location_id"":""ZH-L0610"",""language"":""ZH"",""line"":610,""section"":""附錄 B　台灣能力與證據地圖"",""subsection"":""比較表 F14｜台灣能力地圖：七個主體，三種需求""},{""claim_location_id"":""EN-L0605"",""language"":""EN"",""line"":605,""section"":""Appendix B  Taiwan Capabilities and Evidence Map"",""subsection"":""Table F14｜Taiwan's Capability Map: Seven Entities, Three Types of Need""},{""claim_location_id"":""EN-L0610"",""language"":""EN"",""line"":610,""section"":""Appendix B  Taiwan Capabilities and Evidence Map"",""subsection"":""Table F14｜Taiwan's Capability Map: Seven Entities, Three Types of Need""}]",partially_supported,Assessment of the specified original wording before the corrections in this supplement.,附件原data_date為2026-10-06，原PDF未保存；本輪同URLPDF明列產製日期2026-10-07。上市／代號可由新讀支持，不能宣稱10/06原快照已核。,Reader date scope corrected to the observed 2026-10-07 PDF; original 2026-10-06 snapshot remains unavailable and is not treated as verified.,"[""ZH-L0609"",""EN-L0609""]","[{""path"":""evidence/T15.txt"",""bytes"":1772,""sha256"":""ba685e643b35623eba835472adbb383ccdfb33dfd0520910b69cf481b779f3b1"",""kind"":""authored_minimum_excerpt_and_numeric_support_record""}]",null,2026-10-07,null
T16,臺灣證券交易所 — 台康生技股份有限公司個股資訊（6589）,https://www.twse.com.tw/pdf/ch/6589_ch.pdf,,2026-10-07,2026-10-07T10:46:10.944263+00:00,Etc/UTC,live_public_web_tool,public_PDF_page_1_text_extraction,specified public URL returned readable content; no access barrier encountered,"[{""section"":""TWSE company profile"",""position"":""PDF page 1 (tool P0), listing date line 35, name line 40, generation date line 41, ticker line 46""}]","{""material_path"":""evidence/T16.txt"",""locator_within_material"":""Minimum verbatim excerpt(s) / 最小原文摘錄; followed by original numeric or structured fields"",""storage_note"":""The actual minimal original quotation is in the supplied hashed UTF-8 evidence file; not copied again into CSV/JSON.""}","[{""field"":""ticker"",""value"":""6589"",""unit"":""security identifier"",""locator"":""PDF page 1 / web line 46""},{""field"":""listing_date"",""value"":""2025-07-21"",""unit"":""date"",""locator"":""PDF page 1 / web line 35""},{""field"":""observed_document_generation_date"",""value"":""2026-10-07"",""unit"":""date"",""locator"":""PDF page 1 / web line 41""}]","[{""claim_location_id"":""ZH-L0604"",""language"":""ZH"",""line"":604,""section"":""附錄 B　台灣能力與證據地圖"",""subsection"":""比較表 F14｜台灣能力地圖：七個主體，三種需求""},{""claim_location_id"":""ZH-L0610"",""language"":""ZH"",""line"":610,""section"":""附錄 B　台灣能力與證據地圖"",""subsection"":""比較表 F14｜台灣能力地圖：七個主體，三種需求""},{""claim_location_id"":""EN-L0604"",""language"":""EN"",""line"":604,""section"":""Appendix B  Taiwan Capabilities and Evidence Map"",""subsection"":""Table F14｜Taiwan's Capability Map: Seven Entities, Three Types of Need""},{""claim_location_id"":""EN-L0610"",""language"":""EN"",""line"":610,""section"":""Appendix B  Taiwan Capabilities and Evidence Map"",""subsection"":""Table F14｜Taiwan's Capability Map: Seven Entities, Three Types of Need""}]",supported,Assessment of the specified original wording before the corrections in this supplement.,本輪新讀PDF日期與原data_date一致，原PDF位元組未存，不能主張原件hash一致；本輪只讀所需第1頁文字。,Original assigned contribution retained within the stated read level and boundary.,[],"[{""path"":""evidence/T16.txt"",""bytes"":1749,""sha256"":""f58ea466e90ed83dc2e6ddeb8ce7899263e36b8b83546ccc46d6889abc789f11"",""kind"":""authored_minimum_excerpt_and_numeric_support_record""}]",null,2026-10-07,null
T17,臺灣證券交易所 — 台新藥股份有限公司個股資訊（6838）,https://www.twse.com.tw/pdf/ch/6838_ch.pdf,,2026-10-07,2026-10-07T10:46:10.944263+00:00,Etc/UTC,live_public_web_tool,public_PDF_page_1_text_extraction,specified public URL returned readable content; no access barrier encountered,"[{""section"":""TWSE company profile"",""position"":""PDF page 1 (tool P0), listing date line 35, name line 40, generation date line 41, ticker line 46""}]","{""material_path"":""evidence/T17.txt"",""locator_within_material"":""Minimum verbatim excerpt(s) / 最小原文摘錄; followed by original numeric or structured fields"",""storage_note"":""The actual minimal original quotation is in the supplied hashed UTF-8 evidence file; not copied again into CSV/JSON.""}","[{""field"":""ticker"",""value"":""6838"",""unit"":""security identifier"",""locator"":""PDF page 1 / web line 46""},{""field"":""listing_date"",""value"":""2024-08-13"",""unit"":""date"",""locator"":""PDF page 1 / web line 35""},{""field"":""observed_document_generation_date"",""value"":""2026-10-07"",""unit"":""date"",""locator"":""PDF page 1 / web line 41""}]","[{""claim_location_id"":""ZH-L0603"",""language"":""ZH"",""line"":603,""section"":""附錄 B　台灣能力與證據地圖"",""subsection"":""比較表 F14｜台灣能力地圖：七個主體，三種需求""},{""claim_location_id"":""ZH-L0610"",""language"":""ZH"",""line"":610,""section"":""附錄 B　台灣能力與證據地圖"",""subsection"":""比較表 F14｜台灣能力地圖：七個主體，三種需求""},{""claim_location_id"":""EN-L0603"",""language"":""EN"",""line"":603,""section"":""Appendix B  Taiwan Capabilities and Evidence Map"",""subsection"":""Table F14｜Taiwan's Capability Map: Seven Entities, Three Types of Need""},{""claim_location_id"":""EN-L0610"",""language"":""EN"",""line"":610,""section"":""Appendix B  Taiwan Capabilities and Evidence Map"",""subsection"":""Table F14｜Taiwan's Capability Map: Seven Entities, Three Types of Need""}]",supported,Assessment of the specified original wording before the corrections in this supplement.,本輪新讀PDF日期與原data_date一致，原PDF位元組未存，不能主張原件hash一致；本輪只讀所需第1頁文字。,Original assigned contribution retained within the stated read level and boundary.,[],"[{""path"":""evidence/T17.txt"",""bytes"":1728,""sha256"":""112bb807ed2297ddd35138c2cf3ad88e8e567f02f82a304f347884fdaff6fad5"",""kind"":""authored_minimum_excerpt_and_numeric_support_record""}]",null,2026-10-07,null
T18,OBI Pharma — Corporate Overview,https://www.obipharma.com/investor-overview/corporate-overview/,,,2026-10-07T10:46:10.944263+00:00,Etc/UTC,live_public_web_tool,targeted_public_HTML_passages,specified public URL returned readable content; no access barrier encountered,"[{""section"":""Corporate Overview / OBI Pharma, Inc."",""position"":""web lines 126–132; Stock Code, Market, Date of Listing rows""}]","{""material_path"":""evidence/T18.txt"",""locator_within_material"":""Minimum verbatim excerpt(s) / 最小原文摘錄; followed by original numeric or structured fields"",""storage_note"":""The actual minimal original quotation is in the supplied hashed UTF-8 evidence file; not copied again into CSV/JSON.""}","[{""field"":""stock_code"",""value"":""4174.TWO"",""unit"":""security identifier"",""locator"":""web line 127""},{""field"":""market"",""value"":""Taipei Exchange"",""unit"":""exchange"",""locator"":""web line 128""},{""field"":""listing_date"",""value"":""2015-03-23"",""unit"":""date"",""locator"":""web line 132""}]","[{""claim_location_id"":""ZH-L0601"",""language"":""ZH"",""line"":601,""section"":""附錄 B　台灣能力與證據地圖"",""subsection"":""比較表 F14｜台灣能力地圖：七個主體，三種需求""},{""claim_location_id"":""ZH-L0610"",""language"":""ZH"",""line"":610,""section"":""附錄 B　台灣能力與證據地圖"",""subsection"":""比較表 F14｜台灣能力地圖：七個主體，三種需求""},{""claim_location_id"":""EN-L0601"",""language"":""EN"",""line"":601,""section"":""Appendix B  Taiwan Capabilities and Evidence Map"",""subsection"":""Table F14｜Taiwan's Capability Map: Seven Entities, Three Types of Need""},{""claim_location_id"":""EN-L0610"",""language"":""EN"",""line"":610,""section"":""Appendix B  Taiwan Capabilities and Evidence Map"",""subsection"":""Table F14｜Taiwan's Capability Map: Seven Entities, Three Types of Need""}]",supported,Assessment of the specified original wording before the corrections in this supplement.,未標頁面更新日；這是公司官方上市櫃資訊，不延伸成ADC臨床或合作證據。,Original assigned contribution retained within the stated read level and boundary.,[],"[{""path"":""evidence/T18.txt"",""bytes"":1527,""sha256"":""cfad2381b4fc67b8b97cb7066647510a7c71a28c4bcb86dd616a3cbfe55b5a84"",""kind"":""authored_minimum_excerpt_and_numeric_support_record""}]",null,null,null
T19,台灣醣聯 — 投資人專區,https://glyconex.com.tw/investors/,,,2026-10-07T10:46:10.944263+00:00,Etc/UTC,live_public_web_tool,targeted_public_HTML_passages,specified public URL returned readable content; no access barrier encountered,"[{""section"":""投資人專區"",""position"":""web lines 16–24; company name, ticker and trading market""}]","{""material_path"":""evidence/T19.txt"",""locator_within_material"":""Minimum verbatim excerpt(s) / 最小原文摘錄; followed by original numeric or structured fields"",""storage_note"":""The actual minimal original quotation is in the supplied hashed UTF-8 evidence file; not copied again into CSV/JSON.""}","[{""field"":""ticker"",""value"":""4168"",""unit"":""security identifier"",""locator"":""web line 20""},{""field"":""market"",""value"":""證券櫃檯買賣中心(上櫃)"",""unit"":""exchange"",""locator"":""web line 24""}]","[{""claim_location_id"":""ZH-L0602"",""language"":""ZH"",""line"":602,""section"":""附錄 B　台灣能力與證據地圖"",""subsection"":""比較表 F14｜台灣能力地圖：七個主體，三種需求""},{""claim_location_id"":""ZH-L0610"",""language"":""ZH"",""line"":610,""section"":""附錄 B　台灣能力與證據地圖"",""subsection"":""比較表 F14｜台灣能力地圖：七個主體，三種需求""},{""claim_location_id"":""EN-L0602"",""language"":""EN"",""line"":602,""section"":""Appendix B  Taiwan Capabilities and Evidence Map"",""subsection"":""Table F14｜Taiwan's Capability Map: Seven Entities, Three Types of Need""},{""claim_location_id"":""EN-L0610"",""language"":""EN"",""line"":610,""section"":""Appendix B  Taiwan Capabilities and Evidence Map"",""subsection"":""Table F14｜Taiwan's Capability Map: Seven Entities, Three Types of Need""}]",supported,Assessment of the specified original wording before the corrections in this supplement.,未標頁面更新日；本輪只核上市櫃身分，未採該頁其他財務數字。,Original assigned contribution retained within the stated read level and boundary.,[],"[{""path"":""evidence/T19.txt"",""bytes"":1403,""sha256"":""afc630d54fbc35edd05d6b9790d8cd85c6b848a9d3755d2149d2b3de8e5e7611"",""kind"":""authored_minimum_excerpt_and_numeric_support_record""}]",null,null,null
T20,永昕生物醫藥 — 有價證券資訊,https://www.mycenax.com/shareholders-meeting.php?id=5&lang=tw,,,2026-10-07T10:46:10.944263+00:00,Etc/UTC,live_public_web_tool,targeted_public_HTML_passages,specified public URL returned readable content; no access barrier encountered,"[{""section"":""有價證券資訊"",""position"":""web lines 125–127; repeated at lines 134–136""}]","{""material_path"":""evidence/T20.txt"",""locator_within_material"":""Minimum verbatim excerpt(s) / 最小原文摘錄; followed by original numeric or structured fields"",""storage_note"":""The actual minimal original quotation is in the supplied hashed UTF-8 evidence file; not copied again into CSV/JSON.""}","[{""field"":""security_name"",""value"":""永昕"",""unit"":""name"",""locator"":""web line 126""},{""field"":""ticker"",""value"":""4726"",""unit"":""security identifier"",""locator"":""web line 127""},{""field"":""market"",""value"":""證櫃檯買賣中心掛牌上櫃"",""unit"":""exchange"",""locator"":""web line 125""}]","[{""claim_location_id"":""ZH-L0606"",""language"":""ZH"",""line"":606,""section"":""附錄 B　台灣能力與證據地圖"",""subsection"":""比較表 F14｜台灣能力地圖：七個主體，三種需求""},{""claim_location_id"":""ZH-L0610"",""language"":""ZH"",""line"":610,""section"":""附錄 B　台灣能力與證據地圖"",""subsection"":""比較表 F14｜台灣能力地圖：七個主體，三種需求""},{""claim_location_id"":""EN-L0606"",""language"":""EN"",""line"":606,""section"":""Appendix B  Taiwan Capabilities and Evidence Map"",""subsection"":""Table F14｜Taiwan's Capability Map: Seven Entities, Three Types of Need""},{""claim_location_id"":""EN-L0610"",""language"":""EN"",""line"":610,""section"":""Appendix B  Taiwan Capabilities and Evidence Map"",""subsection"":""Table F14｜Taiwan's Capability Map: Seven Entities, Three Types of Need""}]",supported,Assessment of the specified original wording before the corrections in this supplement.,未標頁面更新日；本輪只核上市櫃身分，不用此頁證實ADC能力。,Original assigned contribution retained within the stated read level and boundary.,[],"[{""path"":""evidence/T20.txt"",""bytes"":1472,""sha256"":""85c350fe10cd5de0dbb79cd7c0dbb1a8ab6e19736abdedec348c67ac05101ebd"",""kind"":""authored_minimum_excerpt_and_numeric_support_record""}]",null,null,null
